draw_id,date,n1,n2,n3,n4,n5,n6,year,month,weekday,sum,odd_count,even_count,low_count,high_count
1,2016-07-20,2,17,33,37,38,45,2016,7,2,172,4,2,2,4
2,2016-07-22,3,4,14,20,25,35,2016,7,4,101,3,3,4,2
3,2016-07-24,1,10,16,18,23,38,2016,7,6,106,2,4,4,2
4,2016-07-27,14,17,21,25,31,37,2016,7,2,145,5,1,3,3
5,2016-07-29,3,8,13,20,30,36,2016,7,4,110,2,4,4,2
6,2016-07-31,2,6,19,21,35,39,2016,7,6,122,4,2,4,2
7,2016-08-03,7,10,25,27,29,40,2016,8,2,138,4,2,2,4
8,2016-08-05,3,9,13,18,24,31,2016,8,4,98,4,2,4,2
9,2016-08-07,3,5,17,22,30,31,2016,8,6,108,4,2,4,2
10,2016-08-10,6,15,16,19,27,30,2016,8,2,113,3,3,4,2
11,2016-08-12,28,31,34,37,38,41,2016,8,4,209,3,3,0,6
12,2016-08-14,13,16,17,29,31,37,2016,8,6,143,5,1,3,3
13,2016-08-17,2,4,9,19,21,26,2016,8,2,81,3,3,5,1
14,2016-08-19,11,12,17,33,34,36,2016,8,4,143,3,3,3,3
15,2016-08-21,13,21,24,25,29,44,2016,8,6,156,4,2,2,4
16,2016-08-24,8,17,21,23,36,40,2016,8,2,145,3,3,3,3
17,2016-08-26,10,36,39,43,44,45,2016,8,4,217,3,3,1,5
18,2016-08-28,4,6,10,15,16,44,2016,8,6,95,1,5,5,1
19,2016-08-31,8,20,21,31,34,39,2016,8,2,153,3,3,3,3
20,2016-09-02,9,13,24,35,36,41,2016,9,4,158,4,2,2,4
21,2016-09-04,11,15,20,24,27,45,2016,9,6,142,4,2,3,3
22,2016-09-07,6,8,12,13,15,19,2016,9,2,73,3,3,6,0
23,2016-09-09,7,13,16,18,31,32,2016,9,4,117,3,3,4,2
24,2016-09-11,6,9,10,18,20,31,2016,9,6,94,2,4,5,1
25,2016-09-14,2,11,14,23,25,32,2016,9,2,107,3,3,3,3
26,2016-09-16,4,5,6,23,31,34,2016,9,4,103,3,3,3,3
27,2016-09-18,7,10,17,20,25,32,2016,9,6,111,3,3,4,2
28,2016-09-21,5,12,15,30,37,41,2016,9,2,140,4,2,3,3
29,2016-09-23,8,14,19,29,30,40,2016,9,4,140,2,4,3,3
30,2016-09-25,1,20,28,32,42,44,2016,9,6,167,1,5,2,4
31,2016-09-28,3,6,17,21,32,40,2016,9,2,119,3,3,4,2
32,2016-09-30,6,20,30,38,40,45,2016,9,4,179,1,5,2,4
33,2016-10-02,16,23,27,34,35,38,2016,10,6,173,3,3,1,5
34,2016-10-05,5,6,19,31,42,44,2016,10,2,147,3,3,3,3
35,2016-10-07,24,25,27,34,44,45,2016,10,4,199,3,3,0,6
36,2016-10-09,2,15,20,32,33,44,2016,10,6,146,2,4,3,3
37,2016-10-12,2,8,15,16,19,25,2016,10,2,85,3,3,5,1
38,2016-10-14,3,7,9,18,28,39,2016,10,4,104,4,2,4,2
39,2016-10-16,5,21,31,33,38,42,2016,10,6,170,4,2,2,4
40,2016-10-19,2,13,15,17,18,41,2016,10,2,106,4,2,5,1
41,2016-10-21,16,17,30,32,34,38,2016,10,4,167,1,5,2,4
42,2016-10-23,2,5,12,21,22,40,2016,10,6,102,2,4,5,1
43,2016-10-26,1,8,16,18,21,28,2016,10,2,92,2,4,5,1
44,2016-10-28,10,11,13,14,16,38,2016,10,4,102,2,4,5,1
45,2016-10-30,7,12,25,28,40,44,2016,10,6,156,2,4,2,4
46,2016-11-02,3,5,8,10,13,22,2016,11,2,61,3,3,6,0
47,2016-11-04,5,13,22,24,28,32,2016,11,4,124,2,4,3,3
48,2016-11-06,4,15,16,20,26,41,2016,11,6,122,2,4,4,2
49,2016-11-09,2,10,14,24,25,30,2016,11,2,105,1,5,3,3
50,2016-11-11,10,17,22,23,30,36,2016,11,4,138,2,4,3,3
51,2016-11-13,11,23,25,34,36,45,2016,11,6,174,4,2,1,5
52,2016-11-16,1,9,17,28,43,44,2016,11,2,142,4,2,3,3
53,2016-11-18,11,12,16,24,26,31,2016,11,4,120,2,4,3,3
54,2016-11-20,9,23,33,38,41,42,2016,11,6,186,4,2,1,5
55,2016-11-23,2,22,23,24,28,37,2016,11,2,136,2,4,2,4
56,2016-11-25,3,4,25,31,37,40,2016,11,4,140,4,2,2,4
57,2016-11-27,12,16,17,18,22,30,2016,11,6,115,1,5,5,1
58,2016-11-30,6,15,17,20,23,41,2016,11,2,122,4,2,4,2
59,2016-12-02,17,26,33,34,37,42,2016,12,4,189,3,3,1,5
60,2016-12-04,3,5,13,27,38,44,2016,12,6,130,4,2,3,3
61,2016-12-07,13,23,27,28,32,45,2016,12,2,168,4,2,1,5
62,2016-12-09,11,12,15,17,21,26,2016,12,4,102,4,2,5,1
63,2016-12-11,2,3,4,5,22,24,2016,12,6,60,2,4,5,1
64,2016-12-14,5,6,12,16,26,30,2016,12,2,95,1,5,4,2
65,2016-12-16,5,8,33,34,39,44,2016,12,4,163,3,3,2,4
66,2016-12-18,3,7,30,32,41,43,2016,12,6,156,4,2,2,4
67,2016-12-21,3,6,12,14,18,40,2016,12,2,93,1,5,5,1
68,2016-12-23,1,17,24,25,37,43,2016,12,4,147,5,1,2,4
69,2016-12-25,5,12,20,29,34,36,2016,12,6,136,2,4,3,3
70,2016-12-28,2,22,25,33,38,43,2016,12,2,163,3,3,2,4
71,2016-12-30,7,23,27,29,35,37,2016,12,4,158,6,0,1,5
72,2017-01-01,9,18,24,33,36,39,2017,1,6,159,3,3,2,4
73,2017-01-04,4,19,25,27,29,31,2017,1,2,135,5,1,2,4
74,2017-01-06,22,30,34,36,43,45,2017,1,4,210,2,4,1,5
75,2017-01-08,12,18,29,32,39,45,2017,1,6,175,3,3,2,4
76,2017-01-11,2,8,21,29,37,45,2017,1,2,142,4,2,3,3
77,2017-01-13,12,24,29,32,37,39,2017,1,4,173,3,3,1,5
78,2017-01-15,5,25,27,29,31,43,2017,1,6,160,6,0,1,5
79,2017-01-18,11,22,26,28,35,43,2017,1,2,165,3,3,2,4
80,2017-01-20,1,11,31,32,34,37,2017,1,4,146,4,2,2,4
81,2017-01-22,1,20,21,22,26,29,2017,1,6,119,3,3,4,2
82,2017-01-25,6,9,14,18,28,30,2017,1,2,105,1,5,4,2
83,2017-01-29,5,13,21,27,29,45,2017,1,6,140,6,0,3,3
84,2017-02-01,2,10,11,18,22,33,2017,2,2,96,2,4,5,1
85,2017-02-03,8,17,31,32,33,39,2017,2,4,160,4,2,2,4
86,2017-02-05,1,11,26,29,34,40,2017,2,6,141,3,3,2,4
87,2017-02-08,15,26,29,32,34,38,2017,2,2,174,2,4,1,5
88,2017-02-10,2,6,10,13,20,28,2017,2,4,79,1,5,5,1
89,2017-02-12,4,6,12,21,23,28,2017,2,6,94,2,4,4,2
90,2017-02-15,4,16,19,27,29,30,2017,2,2,125,3,3,3,3
91,2017-02-17,12,15,25,27,37,41,2017,2,4,157,5,1,2,4
92,2017-02-19,1,17,24,25,33,35,2017,2,6,135,5,1,2,4
93,2017-02-22,1,3,8,18,28,42,2017,2,2,100,2,4,4,2
94,2017-02-24,2,4,19,23,44,45,2017,2,4,137,3,3,3,3
95,2017-02-26,7,11,16,19,38,39,2017,2,6,130,4,2,4,2
96,2017-03-01,3,4,26,30,35,44,2017,3,2,142,2,4,2,4
97,2017-03-03,2,4,13,22,23,41,2017,3,4,105,3,3,4,2
98,2017-03-05,18,21,24,26,39,45,2017,3,6,173,3,3,2,4
99,2017-03-08,5,11,14,20,32,42,2017,3,2,124,2,4,4,2
100,2017-03-10,4,9,21,27,38,44,2017,3,4,143,3,3,3,3
101,2017-03-12,6,11,30,32,35,42,2017,3,6,156,2,4,2,4
102,2017-03-15,3,9,10,31,32,40,2017,3,2,125,3,3,3,3
103,2017-03-17,7,12,24,43,44,45,2017,3,4,175,3,3,2,4
104,2017-03-19,1,2,6,12,31,36,2017,3,6,88,2,4,4,2
105,2017-03-22,1,9,24,28,33,36,2017,3,2,131,3,3,2,4
106,2017-03-24,10,14,30,32,37,42,2017,3,4,165,1,5,2,4
107,2017-03-26,6,12,23,25,29,43,2017,3,6,138,4,2,2,4
108,2017-03-29,4,5,24,26,28,37,2017,3,2,124,2,4,2,4
109,2017-03-31,1,4,5,11,20,30,2017,3,4,71,3,3,5,1
110,2017-04-02,3,5,7,12,27,33,2017,4,6,87,5,1,4,2
111,2017-04-05,13,14,20,21,23,33,2017,4,2,124,4,2,4,2
112,2017-04-07,4,5,16,17,32,40,2017,4,4,114,2,4,4,2
113,2017-04-09,5,8,21,25,26,37,2017,4,6,122,4,2,3,3
114,2017-04-12,2,3,8,13,19,41,2017,4,2,86,4,2,5,1
115,2017-04-14,4,5,10,33,36,38,2017,4,4,126,2,4,3,3
116,2017-04-16,6,7,18,29,32,44,2017,4,6,136,2,4,3,3
117,2017-04-19,19,20,32,33,38,44,2017,4,2,186,2,4,2,4
118,2017-04-21,7,8,15,30,32,39,2017,4,4,131,3,3,3,3
119,2017-04-23,13,17,22,30,31,43,2017,4,6,156,4,2,3,3
120,2017-04-26,14,16,17,20,35,39,2017,4,2,141,3,3,4,2
121,2017-04-28,2,9,11,12,15,23,2017,4,4,72,4,2,5,1
122,2017-04-30,2,6,8,11,12,25,2017,4,6,64,2,4,5,1
123,2017-05-03,3,19,20,21,25,45,2017,5,2,133,5,1,4,2
124,2017-05-05,4,9,12,32,36,43,2017,5,4,136,2,4,3,3
125,2017-05-07,1,7,28,32,44,45,2017,5,6,157,3,3,2,4
126,2017-05-10,7,17,21,29,40,44,2017,5,2,158,4,2,3,3
127,2017-05-12,1,27,35,42,43,45,2017,5,4,193,5,1,1,5
128,2017-05-14,13,15,17,21,25,40,2017,5,6,131,5,1,4,2
129,2017-05-17,7,8,11,18,23,42,2017,5,2,109,3,3,4,2
130,2017-05-19,1,8,18,28,30,33,2017,5,4,118,2,4,3,3
131,2017-05-21,11,14,17,22,27,42,2017,5,6,133,3,3,4,2
132,2017-05-24,8,20,25,27,30,33,2017,5,2,143,3,3,2,4
133,2017-05-26,6,8,25,39,40,45,2017,5,4,163,3,3,2,4
134,2017-05-28,2,7,17,24,31,44,2017,5,6,125,3,3,3,3
135,2017-05-31,7,13,16,30,37,44,2017,5,2,147,3,3,3,3
136,2017-06-02,5,13,16,32,39,41,2017,6,4,146,4,2,3,3
137,2017-06-04,1,9,23,32,34,35,2017,6,6,134,4,2,2,4
138,2017-06-07,5,6,13,29,35,44,2017,6,2,132,4,2,3,3
139,2017-06-09,7,15,19,24,32,42,2017,6,4,139,3,3,3,3
140,2017-06-11,5,6,11,14,32,33,2017,6,6,101,3,3,4,2
141,2017-06-14,5,8,15,25,31,35,2017,6,2,119,5,1,3,3
142,2017-06-16,6,10,17,21,27,38,2017,6,4,119,3,3,4,2
143,2017-06-18,2,8,12,14,16,26,2017,6,6,78,0,6,5,1
144,2017-06-21,9,26,29,30,35,37,2017,6,2,166,4,2,1,5
145,2017-06-23,9,10,21,37,40,42,2017,6,4,159,3,3,3,3
146,2017-06-25,3,14,33,38,42,44,2017,6,6,174,2,4,2,4
147,2017-06-28,2,6,21,28,39,40,2017,6,2,136,2,4,3,3
148,2017-06-30,1,7,10,38,40,42,2017,6,4,138,2,4,3,3
149,2017-07-02,1,5,7,16,19,44,2017,7,6,92,4,2,5,1
150,2017-07-05,1,4,16,31,37,40,2017,7,2,129,3,3,3,3
151,2017-07-07,4,19,22,30,34,35,2017,7,4,144,2,4,3,3
152,2017-07-09,1,9,14,18,25,28,2017,7,6,95,3,3,4,2
153,2017-07-12,5,9,14,15,26,42,2017,7,2,111,3,3,4,2
154,2017-07-14,2,13,19,24,25,33,2017,7,4,116,4,2,3,3
155,2017-07-16,2,10,27,29,37,39,2017,7,6,144,4,2,2,4
156,2017-07-19,4,7,13,20,35,44,2017,7,2,123,3,3,4,2
157,2017-07-21,5,6,9,15,19,32,2017,7,4,86,4,2,5,1
158,2017-07-23,7,9,13,21,28,39,2017,7,6,117,5,1,4,2
159,2017-07-26,9,26,27,30,40,44,2017,7,2,176,2,4,1,5
160,2017-07-28,1,4,9,26,35,39,2017,7,4,114,4,2,3,3
161,2017-07-30,8,17,24,35,41,44,2017,7,6,169,3,3,2,4
162,2017-08-02,7,10,17,26,28,43,2017,8,2,131,3,3,3,3
163,2017-08-04,3,12,13,23,26,37,2017,8,4,114,4,2,3,3
164,2017-08-06,2,9,10,11,21,43,2017,8,6,96,4,2,5,1
165,2017-08-09,11,19,22,24,25,31,2017,8,2,132,4,2,3,3
166,2017-08-11,1,12,19,35,36,41,2017,8,4,144,4,2,3,3
167,2017-08-13,1,3,6,7,16,18,2017,8,6,51,3,3,6,0
168,2017-08-16,6,11,15,19,22,41,2017,8,2,114,4,2,5,1
169,2017-08-18,3,4,18,22,34,37,2017,8,4,118,2,4,4,2
170,2017-08-20,5,15,18,21,37,45,2017,8,6,141,5,1,4,2
171,2017-08-23,6,25,27,34,42,43,2017,8,2,177,3,3,1,5
172,2017-08-25,2,7,12,27,40,44,2017,8,4,132,2,4,3,3
173,2017-08-27,3,7,16,32,36,39,2017,8,6,133,3,3,3,3
174,2017-08-30,5,8,11,28,35,41,2017,8,2,128,4,2,3,3
175,2017-09-01,9,10,13,19,23,41,2017,9,4,115,5,1,4,2
176,2017-09-03,5,6,26,28,35,43,2017,9,6,143,3,3,2,4
177,2017-09-06,5,20,24,32,36,42,2017,9,2,159,1,5,2,4
178,2017-09-08,2,15,17,32,41,44,2017,9,4,151,3,3,3,3
179,2017-09-10,1,22,23,35,36,42,2017,9,6,159,3,3,2,4
180,2017-09-13,3,8,19,35,38,40,2017,9,2,143,3,3,3,3
181,2017-09-15,3,24,35,37,40,43,2017,9,4,182,4,2,1,5
182,2017-09-17,6,11,15,16,37,40,2017,9,6,125,3,3,4,2
183,2017-09-20,5,7,13,17,23,33,2017,9,2,98,6,0,4,2
184,2017-09-22,5,16,21,31,37,41,2017,9,4,151,5,1,3,3
185,2017-09-24,4,10,11,31,36,39,2017,9,6,131,3,3,3,3
186,2017-09-27,10,19,33,34,35,45,2017,9,2,176,4,2,2,4
187,2017-09-29,23,28,30,35,37,42,2017,9,4,195,3,3,0,6
188,2017-10-01,8,23,27,36,37,43,2017,10,6,174,4,2,1,5
189,2017-10-04,4,5,9,19,37,44,2017,10,2,118,4,2,4,2
190,2017-10-06,4,6,18,20,30,45,2017,10,4,123,1,5,4,2
191,2017-10-08,8,16,24,27,35,39,2017,10,6,149,3,3,2,4
192,2017-10-11,4,11,14,15,19,26,2017,10,2,89,3,3,5,1
193,2017-10-13,10,13,20,21,25,36,2017,10,4,125,3,3,4,2
194,2017-10-15,2,9,14,21,35,40,2017,10,6,121,3,3,4,2
195,2017-10-18,16,24,32,36,37,40,2017,10,2,185,1,5,1,5
196,2017-10-20,2,18,25,33,36,42,2017,10,4,156,2,4,2,4
197,2017-10-22,8,14,16,17,31,42,2017,10,6,128,2,4,4,2
198,2017-10-25,12,17,23,25,34,38,2017,10,2,149,3,3,2,4
199,2017-10-27,4,10,13,21,22,38,2017,10,4,108,2,4,5,1
200,2017-10-29,1,5,28,31,44,45,2017,10,6,154,4,2,2,4
201,2017-11-01,4,12,25,39,42,44,2017,11,2,166,2,4,2,4
202,2017-11-03,7,17,20,22,29,44,2017,11,4,139,3,3,4,2
203,2017-11-05,3,17,38,39,41,44,2017,11,6,182,4,2,2,4
204,2017-11-08,1,18,23,24,40,41,2017,11,2,147,3,3,2,4
205,2017-11-10,1,4,19,21,24,35,2017,11,4,104,4,2,4,2
206,2017-11-12,22,26,37,40,42,44,2017,11,6,211,1,5,1,5
207,2017-11-15,1,9,15,27,33,43,2017,11,2,128,6,0,3,3
208,2017-11-17,11,13,18,19,31,45,2017,11,4,137,5,1,4,2
209,2017-11-19,14,20,30,33,41,43,2017,11,6,181,3,3,2,4
210,2017-11-22,5,6,9,23,27,35,2017,11,2,105,5,1,3,3
211,2017-11-24,14,24,32,34,36,45,2017,11,4,185,1,5,1,5
212,2017-11-26,4,12,17,19,23,34,2017,11,6,109,3,3,4,2
213,2017-11-29,19,23,26,37,38,41,2017,11,2,184,4,2,1,5
214,2017-12-01,10,19,30,35,39,45,2017,12,4,178,4,2,2,4
215,2017-12-03,8,9,15,18,27,30,2017,12,6,107,3,3,4,2
216,2017-12-06,3,7,29,31,34,43,2017,12,2,147,5,1,2,4
217,2017-12-08,2,11,15,32,40,44,2017,12,4,144,2,4,3,3
218,2017-12-10,27,36,39,43,44,45,2017,12,6,234,4,2,0,6
219,2017-12-13,4,7,19,24,32,38,2017,12,2,124,2,4,3,3
220,2017-12-15,13,14,17,24,28,43,2017,12,4,139,3,3,3,3
221,2017-12-17,4,7,16,27,40,41,2017,12,6,135,3,3,3,3
222,2017-12-20,3,8,25,37,40,42,2017,12,2,155,3,3,2,4
223,2017-12-22,9,13,17,22,26,33,2017,12,4,120,4,2,4,2
224,2017-12-24,1,5,9,14,30,31,2017,12,6,90,4,2,4,2
225,2017-12-27,9,13,19,21,27,30,2017,12,2,119,5,1,4,2
226,2017-12-29,2,8,17,20,29,39,2017,12,4,115,3,3,4,2
227,2017-12-31,3,13,14,26,30,34,2017,12,6,120,2,4,3,3
228,2018-01-03,8,14,19,30,33,35,2018,1,2,139,3,3,3,3
229,2018-01-05,19,30,34,38,42,44,2018,1,4,207,1,5,1,5
230,2018-01-07,4,6,11,13,24,31,2018,1,6,89,3,3,4,2
231,2018-01-10,6,18,21,22,37,45,2018,1,2,149,3,3,4,2
232,2018-01-12,4,8,17,23,27,34,2018,1,4,113,3,3,3,3
233,2018-01-14,1,6,10,29,32,41,2018,1,6,119,3,3,3,3
234,2018-01-17,9,10,12,22,27,41,2018,1,2,121,3,3,4,2
235,2018-01-19,2,4,27,28,31,36,2018,1,4,128,2,4,2,4
236,2018-01-21,1,10,11,24,32,37,2018,1,6,115,3,3,3,3
237,2018-01-24,5,6,24,33,42,45,2018,1,2,155,3,3,2,4
238,2018-01-26,1,9,18,28,36,44,2018,1,4,136,2,4,3,3
239,2018-01-28,12,26,27,33,36,37,2018,1,6,171,3,3,1,5
240,2018-01-31,4,7,9,10,30,40,2018,1,2,100,2,4,4,2
241,2018-02-02,2,7,14,28,42,45,2018,2,4,138,2,4,3,3
242,2018-02-04,1,5,13,27,40,45,2018,2,6,131,5,1,3,3
243,2018-02-07,5,7,18,26,30,36,2018,2,2,122,2,4,3,3
244,2018-02-09,2,10,14,19,23,37,2018,2,4,105,3,3,4,2
245,2018-02-11,5,19,27,32,41,45,2018,2,6,169,5,1,2,4
246,2018-02-14,12,31,32,34,35,43,2018,2,2,187,3,3,1,5
247,2018-02-18,1,5,14,16,36,38,2018,2,6,110,2,4,4,2
248,2018-02-21,18,23,24,26,29,33,2018,2,2,153,3,3,1,5
249,2018-02-23,5,16,19,23,29,37,2018,2,4,129,5,1,3,3
250,2018-02-25,8,10,12,29,30,42,2018,2,6,131,1,5,3,3
251,2018-02-28,17,19,21,23,36,40,2018,2,2,156,4,2,3,3
252,2018-03-02,3,7,15,27,41,45,2018,3,4,138,6,0,3,3
253,2018-03-04,4,11,19,25,32,40,2018,3,6,131,3,3,3,3
254,2018-03-07,8,19,25,31,37,40,2018,3,2,160,4,2,2,4
255,2018-03-09,5,10,13,19,25,44,2018,3,4,116,4,2,4,2
256,2018-03-11,1,14,19,26,41,42,2018,3,6,143,3,3,3,3
257,2018-03-14,12,21,23,27,31,34,2018,3,2,148,4,2,2,4
258,2018-03-16,6,8,13,17,20,34,2018,3,4,98,2,4,5,1
259,2018-03-18,14,21,24,28,31,40,2018,3,6,158,2,4,2,4
260,2018-03-21,6,19,38,40,41,44,2018,3,2,188,2,4,2,4
261,2018-03-23,3,6,12,22,26,35,2018,3,4,104,2,4,4,2
262,2018-03-25,4,10,13,22,38,42,2018,3,6,129,1,5,4,2
263,2018-03-28,12,18,31,34,35,42,2018,3,2,172,2,4,2,4
264,2018-03-30,7,11,18,28,34,43,2018,3,4,141,3,3,3,3
265,2018-04-01,4,12,24,33,39,43,2018,4,6,155,3,3,2,4
266,2018-04-04,2,3,6,16,41,44,2018,4,2,112,2,4,4,2
267,2018-04-06,1,7,8,9,36,40,2018,4,4,101,3,3,4,2
268,2018-04-08,2,5,11,16,30,34,2018,4,6,98,2,4,4,2
269,2018-04-11,7,20,23,25,26,39,2018,4,2,140,4,2,2,4
270,2018-04-13,11,22,24,33,38,43,2018,4,4,171,3,3,2,4
271,2018-04-15,3,9,13,20,30,34,2018,4,6,109,3,3,4,2
272,2018-04-18,6,16,28,29,39,44,2018,4,2,162,2,4,2,4
273,2018-04-20,6,9,14,30,33,42,2018,4,4,134,2,4,3,3
274,2018-04-22,6,7,22,32,36,39,2018,4,6,142,2,4,3,3
275,2018-04-25,4,15,17,23,29,43,2018,4,2,131,5,1,3,3
276,2018-04-27,10,20,24,27,28,29,2018,4,4,138,2,4,2,4
277,2018-04-29,3,10,22,23,25,43,2018,4,6,126,4,2,3,3
278,2018-05-02,10,11,22,29,37,40,2018,5,2,149,3,3,3,3
279,2018-05-04,9,18,25,26,27,29,2018,5,4,134,4,2,2,4
280,2018-05-06,11,26,28,34,36,37,2018,5,6,172,2,4,1,5
281,2018-05-09,9,15,20,30,31,33,2018,5,2,138,4,2,3,3
282,2018-05-11,10,11,26,29,33,38,2018,5,4,147,3,3,2,4
283,2018-05-13,6,11,16,18,27,41,2018,5,6,119,3,3,4,2
284,2018-05-16,10,21,23,25,35,38,2018,5,2,152,4,2,2,4
285,2018-05-18,3,18,24,29,30,35,2018,5,4,139,3,3,2,4
286,2018-05-20,18,19,25,26,29,39,2018,5,6,156,4,2,2,4
287,2018-05-23,13,16,25,34,37,41,2018,5,2,166,4,2,2,4
288,2018-05-25,5,14,22,26,29,39,2018,5,4,135,3,3,3,3
289,2018-05-27,5,9,17,18,19,22,2018,5,6,90,4,2,6,0
290,2018-05-30,2,17,19,27,31,36,2018,5,2,132,4,2,3,3
291,2018-06-01,6,14,19,38,43,44,2018,6,4,164,2,4,3,3
292,2018-06-03,18,20,24,40,42,45,2018,6,6,189,1,5,2,4
293,2018-06-06,6,20,22,26,43,44,2018,6,2,161,1,5,3,3
294,2018-06-08,4,13,32,35,40,42,2018,6,4,166,2,4,2,4
295,2018-06-10,22,25,35,36,38,39,2018,6,6,195,3,3,1,5
296,2018-06-13,2,4,17,24,31,40,2018,6,2,118,2,4,3,3
297,2018-06-15,8,11,13,23,24,28,2018,6,4,107,3,3,3,3
298,2018-06-17,3,5,6,7,34,40,2018,6,6,95,3,3,4,2
299,2018-06-20,2,18,22,30,32,43,2018,6,2,147,1,5,3,3
300,2018-06-22,15,19,20,26,34,39,2018,6,4,153,3,3,3,3
301,2018-06-24,6,8,23,32,33,41,2018,6,6,143,3,3,2,4
302,2018-06-27,25,27,29,33,37,38,2018,6,2,189,5,1,0,6
303,2018-06-29,6,18,22,24,36,39,2018,6,4,145,1,5,3,3
304,2018-07-01,4,7,15,28,34,37,2018,7,6,125,3,3,3,3
305,2018-07-04,2,3,27,28,34,43,2018,7,2,137,3,3,2,4
306,2018-07-06,22,26,33,34,38,42,2018,7,4,195,1,5,1,5
307,2018-07-08,2,7,8,10,28,44,2018,7,6,99,1,5,4,2
308,2018-07-11,12,26,28,29,39,43,2018,7,2,177,3,3,1,5
309,2018-07-13,3,8,9,25,27,28,2018,7,4,100,4,2,3,3
310,2018-07-15,7,15,20,29,31,38,2018,7,6,140,4,2,3,3
311,2018-07-18,8,10,14,19,26,34,2018,7,2,111,1,5,4,2
312,2018-07-20,13,14,16,19,20,23,2018,7,4,105,3,3,5,1
313,2018-07-22,8,9,24,27,40,45,2018,7,6,153,3,3,2,4
314,2018-07-25,9,16,18,38,41,45,2018,7,2,167,3,3,3,3
315,2018-07-27,2,21,32,37,38,42,2018,7,4,172,2,4,2,4
316,2018-07-29,26,31,32,37,43,45,2018,7,6,214,4,2,0,6
317,2018-08-01,5,6,29,30,37,38,2018,8,2,145,3,3,2,4
318,2018-08-03,3,8,10,24,27,28,2018,8,4,100,2,4,3,3
319,2018-08-05,7,10,18,31,39,43,2018,8,6,148,4,2,3,3
320,2018-08-08,19,34,37,39,41,44,2018,8,2,214,4,2,1,5
321,2018-08-10,18,22,24,29,41,45,2018,8,4,179,3,3,2,4
322,2018-08-12,5,16,17,28,31,38,2018,8,6,135,3,3,3,3
323,2018-08-15,12,24,25,33,40,44,2018,8,2,178,2,4,1,5
324,2018-08-17,3,8,22,28,33,42,2018,8,4,136,2,4,3,3
325,2018-08-19,16,18,28,36,37,45,2018,8,6,180,2,4,2,4
326,2018-08-22,15,17,18,33,34,44,2018,8,2,161,3,3,3,3
327,2018-08-24,3,22,25,29,33,40,2018,8,4,152,4,2,2,4
328,2018-08-26,1,3,11,12,22,36,2018,8,6,85,3,3,5,1
329,2018-08-29,16,17,24,28,30,36,2018,8,2,151,1,5,2,4
330,2018-08-31,11,19,30,36,38,40,2018,8,4,174,2,4,2,4
331,2018-09-02,10,12,13,22,26,40,2018,9,6,123,1,5,4,2
332,2018-09-05,5,6,22,27,34,37,2018,9,2,131,3,3,3,3
333,2018-09-07,8,10,11,28,42,45,2018,9,4,144,2,4,3,3
334,2018-09-09,8,14,18,21,44,45,2018,9,6,150,2,4,4,2
335,2018-09-12,11,12,13,16,29,31,2018,9,2,112,4,2,4,2
336,2018-09-14,12,16,17,18,26,34,2018,9,4,123,1,5,4,2
337,2018-09-16,3,13,17,18,23,34,2018,9,6,108,4,2,4,2
338,2018-09-19,10,20,22,24,27,42,2018,9,2,145,1,5,3,3
339,2018-09-21,1,3,11,14,23,29,2018,9,4,81,5,1,4,2
340,2018-09-23,18,27,32,35,41,44,2018,9,6,197,3,3,1,5
341,2018-09-26,12,19,27,39,42,45,2018,9,2,184,4,2,2,4
342,2018-09-28,2,6,11,13,15,38,2018,9,4,85,3,3,5,1
343,2018-09-30,1,20,24,36,43,45,2018,9,6,169,3,3,2,4
344,2018-10-03,6,12,19,21,25,45,2018,10,2,128,4,2,4,2
345,2018-10-05,4,12,17,29,35,44,2018,10,4,141,3,3,3,3
346,2018-10-07,14,18,31,34,39,44,2018,10,6,180,2,4,2,4
347,2018-10-10,18,19,22,28,41,42,2018,10,2,170,2,4,3,3
348,2018-10-12,11,12,20,26,28,42,2018,10,4,139,1,5,3,3
349,2018-10-14,7,8,9,34,40,43,2018,10,6,141,3,3,3,3
350,2018-10-17,1,12,14,36,39,43,2018,10,2,145,3,3,3,3
351,2018-10-19,2,14,30,38,39,45,2018,10,4,168,2,4,2,4
352,2018-10-21,6,22,24,28,30,37,2018,10,6,147,1,5,2,4
353,2018-10-24,6,26,34,35,39,42,2018,10,2,182,2,4,1,5
354,2018-10-26,2,18,31,33,36,41,2018,10,4,161,3,3,2,4
355,2018-10-28,9,18,19,20,31,45,2018,10,6,142,4,2,4,2
356,2018-10-31,17,22,26,30,33,35,2018,10,2,163,3,3,2,4
357,2018-11-02,4,6,11,18,24,25,2018,11,4,88,2,4,4,2
358,2018-11-04,7,12,13,17,25,30,2018,11,6,104,4,2,4,2
359,2018-11-07,6,18,22,25,31,37,2018,11,2,139,3,3,3,3
360,2018-11-09,6,18,28,32,34,35,2018,11,4,153,1,5,2,4
361,2018-11-11,20,23,26,27,32,34,2018,11,6,162,2,4,1,5
362,2018-11-14,12,14,24,26,30,40,2018,11,2,146,0,6,2,4
363,2018-11-16,4,12,18,21,25,41,2018,11,4,121,3,3,4,2
364,2018-11-18,6,27,28,30,37,44,2018,11,6,172,2,4,1,5
365,2018-11-21,7,9,16,19,24,33,2018,11,2,108,4,2,4,2
366,2018-11-23,8,10,12,21,25,40,2018,11,4,116,2,4,4,2
367,2018-11-25,3,5,11,18,24,29,2018,11,6,90,4,2,4,2
368,2018-11-28,8,13,20,21,25,28,2018,11,2,115,3,3,4,2
369,2018-11-30,11,18,23,25,28,35,2018,11,4,140,4,2,2,4
370,2018-12-02,2,4,12,23,37,45,2018,12,6,123,3,3,3,3
371,2018-12-05,7,28,29,39,42,45,2018,12,2,190,4,2,1,5
372,2018-12-07,1,6,7,22,31,39,2018,12,4,106,4,2,4,2
373,2018-12-09,6,8,26,34,40,41,2018,12,6,155,1,5,2,4
374,2018-12-12,1,3,11,15,27,30,2018,12,2,87,5,1,4,2
375,2018-12-14,7,16,20,26,30,34,2018,12,4,133,1,5,3,3
376,2018-12-16,1,14,22,26,35,42,2018,12,6,140,2,4,3,3
377,2018-12-19,2,10,11,32,40,44,2018,12,2,139,1,5,3,3
378,2018-12-21,1,7,16,27,29,34,2018,12,4,114,4,2,3,3
379,2018-12-23,1,3,10,11,16,44,2018,12,6,85,3,3,5,1
380,2018-12-26,21,28,34,35,41,44,2018,12,2,203,3,3,1,5
381,2018-12-28,3,22,24,25,31,37,2018,12,4,142,4,2,2,4
382,2018-12-30,10,19,31,35,42,44,2018,12,6,181,3,3,2,4
383,2019-01-02,4,14,32,35,36,40,2019,1,2,161,1,5,2,4
384,2019-01-04,1,8,14,16,19,22,2019,1,4,80,2,4,6,0
385,2019-01-06,9,22,33,34,35,44,2019,1,6,177,3,3,2,4
386,2019-01-09,17,27,28,30,33,41,2019,1,2,176,4,2,1,5
387,2019-01-11,19,21,22,23,25,44,2019,1,4,154,4,2,3,3
388,2019-01-13,1,20,21,23,26,33,2019,1,6,124,4,2,3,3
389,2019-01-16,1,8,14,24,31,40,2019,1,2,118,2,4,3,3
390,2019-01-18,12,15,19,38,40,45,2019,1,4,169,3,3,3,3
391,2019-01-20,8,16,21,31,35,38,2019,1,6,149,3,3,3,3
392,2019-01-23,2,9,13,29,33,40,2019,1,2,126,4,2,3,3
393,2019-01-25,11,13,14,22,30,38,2019,1,4,128,2,4,4,2
394,2019-01-27,9,11,12,22,27,29,2019,1,6,110,4,2,4,2
395,2019-01-30,1,4,6,13,37,41,2019,1,2,102,4,2,4,2
396,2019-02-01,3,4,6,38,39,43,2019,2,4,133,3,3,3,3
397,2019-02-03,1,2,5,9,23,24,2019,2,6,64,4,2,4,2
398,2019-02-06,22,24,25,30,33,38,2019,2,2,172,2,4,1,5
399,2019-02-08,11,12,33,36,39,43,2019,2,4,174,4,2,2,4
400,2019-02-10,1,11,17,25,29,35,2019,2,6,118,6,0,3,3
401,2019-02-13,5,11,18,33,37,41,2019,2,2,145,5,1,3,3
402,2019-02-15,3,22,26,27,30,44,2019,2,4,152,2,4,2,4
403,2019-02-17,11,12,14,25,29,31,2019,2,6,122,4,2,3,3
404,2019-02-20,1,10,15,24,37,45,2019,2,2,132,4,2,3,3
405,2019-02-22,7,10,18,25,44,45,2019,2,4,149,3,3,3,3
406,2019-02-24,1,7,13,23,32,42,2019,2,6,118,4,2,3,3
407,2019-02-27,5,12,15,16,25,35,2019,2,2,108,4,2,4,2
408,2019-03-01,15,23,29,31,38,43,2019,3,4,179,5,1,1,5
409,2019-03-03,1,13,17,20,30,45,2019,3,6,126,4,2,4,2
410,2019-03-06,2,7,14,24,40,41,2019,3,2,128,2,4,3,3
411,2019-03-08,4,14,20,27,32,43,2019,3,4,140,2,4,3,3
412,2019-03-10,5,24,31,32,42,45,2019,3,6,179,3,3,1,5
413,2019-03-13,5,16,24,26,34,44,2019,3,2,149,1,5,2,4
414,2019-03-15,5,10,15,19,38,42,2019,3,4,129,3,3,4,2
415,2019-03-17,5,6,16,18,24,42,2019,3,6,111,1,5,4,2
416,2019-03-20,2,7,17,24,29,37,2019,3,2,116,4,2,3,3
417,2019-03-22,1,3,6,13,18,41,2019,3,4,82,4,2,5,1
418,2019-03-24,5,17,21,27,34,40,2019,3,6,144,4,2,3,3
419,2019-03-27,9,12,22,24,30,42,2019,3,2,139,1,5,3,3
420,2019-03-29,2,19,26,27,30,37,2019,3,4,141,3,3,2,4
421,2019-03-31,3,5,19,28,31,38,2019,3,6,124,4,2,3,3
422,2019-04-03,4,11,18,33,34,45,2019,4,2,145,3,3,3,3
423,2019-04-05,2,7,25,36,38,43,2019,4,4,151,3,3,2,4
424,2019-04-07,8,10,26,28,32,34,2019,4,6,138,0,6,2,4
425,2019-04-10,7,11,14,30,35,42,2019,4,2,139,3,3,3,3
426,2019-04-12,3,12,15,16,17,44,2019,4,4,107,3,3,5,1
427,2019-04-14,4,13,20,34,35,37,2019,4,6,143,3,3,3,3
428,2019-04-17,7,11,21,25,30,44,2019,4,2,138,4,2,3,3
429,2019-04-19,1,4,5,12,17,21,2019,4,4,60,4,2,6,0
430,2019-04-21,8,11,13,20,41,43,2019,4,6,136,4,2,4,2
431,2019-04-24,4,7,12,13,20,45,2019,4,2,101,3,3,5,1
432,2019-04-26,1,2,14,15,16,30,2019,4,4,78,2,4,5,1
433,2019-04-28,4,24,28,30,33,43,2019,4,6,162,2,4,1,5
434,2019-05-01,18,23,24,27,33,41,2019,5,2,166,4,2,1,5
435,2019-05-03,1,6,14,31,35,44,2019,5,4,131,3,3,3,3
436,2019-05-05,13,27,30,38,39,41,2019,5,6,188,4,2,1,5
437,2019-05-08,1,7,8,31,34,45,2019,5,2,126,4,2,3,3
438,2019-05-10,5,23,25,30,35,38,2019,5,4,156,4,2,1,5
439,2019-05-12,1,8,13,17,21,43,2019,5,6,103,5,1,5,1
440,2019-05-15,17,28,29,33,34,35,2019,5,2,176,4,2,1,5
441,2019-05-17,6,16,18,29,39,43,2019,5,4,151,3,3,3,3
442,2019-05-19,2,11,19,27,30,42,2019,5,6,131,3,3,3,3
443,2019-05-22,1,13,16,22,23,35,2019,5,2,110,4,2,4,2
444,2019-05-24,2,3,31,33,35,40,2019,5,4,144,4,2,2,4
445,2019-05-26,11,12,14,23,29,32,2019,5,6,121,3,3,3,3
446,2019-05-29,12,18,19,27,35,42,2019,5,2,153,3,3,3,3
447,2019-05-31,5,6,7,12,23,30,2019,5,4,83,3,3,4,2
448,2019-06-02,2,5,12,35,41,43,2019,6,6,138,4,2,3,3
449,2019-06-05,4,8,22,25,37,39,2019,6,2,135,3,3,3,3
450,2019-06-07,11,13,15,26,27,41,2019,6,4,133,5,1,3,3
451,2019-06-09,2,6,22,25,35,36,2019,6,6,126,2,4,3,3
452,2019-06-12,10,11,21,23,26,37,2019,6,2,128,4,2,3,3
453,2019-06-14,2,12,16,36,37,45,2019,6,4,148,2,4,3,3
454,2019-06-16,6,7,19,29,31,36,2019,6,6,128,4,2,3,3
455,2019-06-19,2,4,11,15,35,40,2019,6,2,107,3,3,4,2
456,2019-06-21,1,4,19,21,23,39,2019,6,4,107,5,1,4,2
457,2019-06-23,3,8,11,27,32,36,2019,6,6,117,3,3,3,3
458,2019-06-26,1,5,9,10,33,41,2019,6,2,99,5,1,4,2
459,2019-06-28,11,25,37,40,41,45,2019,6,4,199,5,1,1,5
460,2019-06-30,5,20,22,25,28,32,2019,6,6,132,2,4,3,3
461,2019-07-03,2,7,25,29,39,45,2019,7,2,147,5,1,2,4
462,2019-07-05,19,21,30,31,37,43,2019,7,4,181,5,1,2,4
463,2019-07-07,2,18,21,23,30,31,2019,7,6,125,3,3,3,3
464,2019-07-10,1,2,6,7,16,27,2019,7,2,59,3,3,5,1
465,2019-07-12,16,18,24,26,40,44,2019,7,4,168,0,6,2,4
466,2019-07-14,2,3,7,25,33,34,2019,7,6,104,4,2,3,3
467,2019-07-17,10,11,16,22,28,35,2019,7,2,122,2,4,4,2
468,2019-07-19,9,12,23,26,28,43,2019,7,4,141,3,3,2,4
469,2019-07-21,7,8,10,24,33,44,2019,7,6,126,2,4,3,3
470,2019-07-24,20,22,25,39,44,45,2019,7,2,195,3,3,2,4
471,2019-07-26,5,14,16,22,25,33,2019,7,4,115,3,3,4,2
472,2019-07-28,5,14,16,24,42,43,2019,7,6,144,2,4,3,3
473,2019-07-31,6,12,15,19,25,45,2019,7,2,122,4,2,4,2
474,2019-08-02,11,18,20,22,25,26,2019,8,4,122,2,4,4,2
475,2019-08-04,6,10,21,30,43,45,2019,8,6,155,3,3,3,3
476,2019-08-07,1,5,13,31,32,43,2019,8,2,125,5,1,3,3
477,2019-08-09,11,19,26,28,30,42,2019,8,4,156,2,4,2,4
478,2019-08-11,1,4,7,9,25,31,2019,8,6,77,5,1,4,2
479,2019-08-14,13,20,22,24,33,34,2019,8,2,146,2,4,3,3
480,2019-08-16,6,14,15,19,31,39,2019,8,4,124,4,2,4,2
481,2019-08-18,2,7,18,21,24,33,2019,8,6,105,3,3,4,2
482,2019-08-21,6,8,17,20,21,31,2019,8,2,103,3,3,5,1
483,2019-08-23,6,7,12,17,19,24,2019,8,4,85,3,3,5,1
484,2019-08-25,7,8,15,20,24,31,2019,8,6,105,3,3,4,2
485,2019-08-28,1,4,12,14,19,30,2019,8,2,80,2,4,5,1
486,2019-08-30,5,6,22,23,25,44,2019,8,4,125,3,3,3,3
487,2019-09-01,5,7,14,16,29,40,2019,9,6,111,3,3,4,2
488,2019-09-04,1,9,11,23,30,37,2019,9,2,111,5,1,3,3
489,2019-09-06,2,4,13,15,26,31,2019,9,4,91,3,3,4,2
490,2019-09-08,6,9,11,26,28,36,2019,9,6,116,2,4,3,3
491,2019-09-11,21,25,29,32,34,35,2019,9,2,176,4,2,1,5
492,2019-09-13,2,15,17,25,30,38,2019,9,4,127,3,3,3,3
493,2019-09-15,8,9,28,33,35,43,2019,9,6,156,4,2,2,4
494,2019-09-18,3,9,13,17,19,20,2019,9,2,81,5,1,6,0
495,2019-09-20,7,12,24,29,31,45,2019,9,4,148,4,2,2,4
496,2019-09-22,3,6,21,36,38,39,2019,9,6,143,3,3,3,3
497,2019-09-25,9,14,22,26,44,45,2019,9,2,160,2,4,3,3
498,2019-09-27,6,9,11,28,37,44,2019,9,4,135,3,3,3,3
499,2019-09-29,2,9,12,18,21,23,2019,9,6,85,3,3,5,1
500,2019-10-02,2,6,7,25,28,41,2019,10,2,109,3,3,3,3
501,2019-10-04,2,9,24,25,30,36,2019,10,4,126,2,4,2,4
502,2019-10-06,1,6,17,30,44,45,2019,10,6,143,3,3,3,3
503,2019-10-09,3,12,21,24,28,32,2019,10,2,120,2,4,3,3
504,2019-10-11,6,12,14,27,28,36,2019,10,4,123,1,5,3,3
505,2019-10-13,6,22,28,31,37,40,2019,10,6,164,2,4,2,4
506,2019-10-16,1,4,23,28,41,42,2019,10,2,139,3,3,2,4
507,2019-10-18,4,14,15,22,28,39,2019,10,4,122,2,4,4,2
508,2019-10-20,1,3,8,15,38,40,2019,10,6,105,3,3,4,2
509,2019-10-23,2,9,21,23,32,41,2019,10,2,128,4,2,3,3
510,2019-10-25,4,7,9,22,32,37,2019,10,4,111,3,3,4,2
511,2019-10-27,1,19,29,30,40,42,2019,10,6,161,3,3,2,4
512,2019-10-30,2,5,8,12,29,38,2019,10,2,94,2,4,4,2
513,2019-11-01,6,11,20,30,37,40,2019,11,4,144,2,4,3,3
514,2019-11-03,28,30,32,38,44,45,2019,11,6,217,1,5,0,6
515,2019-11-06,3,15,22,23,38,43,2019,11,2,144,4,2,3,3
516,2019-11-08,4,16,19,30,32,44,2019,11,4,145,1,5,3,3
517,2019-11-10,4,14,21,28,32,36,2019,11,6,135,1,5,3,3
518,2019-11-13,17,19,24,30,31,40,2019,11,2,161,3,3,2,4
519,2019-11-15,2,13,27,33,40,41,2019,11,4,156,4,2,2,4
520,2019-11-17,6,7,14,31,39,44,2019,11,6,141,3,3,3,3
521,2019-11-20,10,21,22,24,43,44,2019,11,2,164,2,4,3,3
522,2019-11-22,1,9,10,19,30,38,2019,11,4,107,3,3,4,2
523,2019-11-24,5,21,24,28,29,34,2019,11,6,141,3,3,2,4
524,2019-11-27,3,5,13,19,20,33,2019,11,2,93,5,1,5,1
525,2019-11-29,14,15,16,17,19,34,2019,11,4,115,3,3,5,1
526,2019-12-01,3,14,16,27,31,35,2019,12,6,126,4,2,3,3
527,2019-12-04,16,19,24,30,32,35,2019,12,2,156,2,4,2,4
528,2019-12-06,2,20,26,35,43,45,2019,12,4,171,3,3,2,4
529,2019-12-08,12,20,30,31,34,44,2019,12,6,171,1,5,2,4
530,2019-12-11,1,2,8,27,29,39,2019,12,2,106,4,2,3,3
531,2019-12-13,2,8,9,25,26,40,2019,12,4,110,2,4,3,3
532,2019-12-15,3,13,15,16,22,36,2019,12,6,105,3,3,5,1
533,2019-12-18,8,9,12,19,22,25,2019,12,2,95,3,3,5,1
534,2019-12-20,1,9,16,27,38,45,2019,12,4,136,4,2,3,3
535,2019-12-22,9,10,11,18,22,36,2019,12,6,106,2,4,5,1
536,2019-12-25,10,18,25,26,36,43,2019,12,2,158,2,4,2,4
537,2019-12-27,2,7,10,12,33,43,2019,12,4,107,3,3,4,2
538,2019-12-29,7,12,21,24,35,43,2019,12,6,142,4,2,3,3
539,2020-01-01,8,10,23,26,37,38,2020,1,2,142,2,4,2,4
540,2020-01-03,1,15,17,26,32,44,2020,1,4,135,3,3,3,3
541,2020-01-05,5,11,12,26,44,45,2020,1,6,143,3,3,3,3
542,2020-01-08,2,4,10,21,25,43,2020,1,2,105,3,3,4,2
543,2020-01-10,10,18,24,35,41,43,2020,1,4,171,3,3,2,4
544,2020-01-12,7,12,17,21,35,45,2020,1,6,137,5,1,4,2
545,2020-01-15,2,8,19,31,38,44,2020,1,2,142,2,4,3,3
546,2020-01-17,8,26,28,37,40,42,2020,1,4,181,1,5,1,5
547,2020-01-19,1,4,19,25,35,39,2020,1,6,123,5,1,3,3
548,2020-01-22,1,15,16,34,36,42,2020,1,2,144,2,4,3,3
549,2020-01-26,4,5,9,25,33,37,2020,1,6,113,5,1,3,3
550,2020-01-29,3,10,16,24,39,44,2020,1,2,136,2,4,3,3
551,2020-01-31,8,9,20,25,30,40,2020,1,4,132,2,4,3,3
552,2020-02-02,1,4,16,32,35,38,2020,2,6,126,2,4,3,3
553,2020-02-05,9,19,24,37,38,45,2020,2,2,172,4,2,2,4
554,2020-02-07,6,11,15,33,40,44,2020,2,4,149,3,3,3,3
555,2020-02-09,1,4,18,22,26,35,2020,2,6,106,2,4,4,2
556,2020-02-12,5,13,16,20,24,35,2020,2,2,113,3,3,4,2
557,2020-02-14,4,14,24,32,36,43,2020,2,4,153,1,5,2,4
558,2020-02-16,1,4,14,36,37,41,2020,2,6,133,3,3,3,3
559,2020-02-19,1,16,23,25,30,38,2020,2,2,133,3,3,2,4
560,2020-02-21,13,15,22,28,29,41,2020,2,4,148,4,2,3,3
561,2020-02-23,1,6,16,23,34,42,2020,2,6,122,2,4,3,3
562,2020-02-26,2,10,12,20,24,39,2020,2,2,107,1,5,4,2
563,2020-02-28,2,19,23,27,29,38,2020,2,4,138,4,2,2,4
564,2020-03-01,1,6,7,13,26,39,2020,3,6,92,4,2,4,2
565,2020-03-04,1,7,17,24,35,41,2020,3,2,125,5,1,3,3
566,2020-03-06,6,9,10,16,26,42,2020,3,4,109,1,5,4,2
567,2020-03-08,3,13,17,19,21,43,2020,3,6,116,6,0,5,1
568,2020-03-11,12,16,29,35,37,44,2020,3,2,173,3,3,2,4
569,2020-03-13,8,13,20,28,35,45,2020,3,4,149,3,3,3,3
570,2020-03-15,4,7,11,17,19,31,2020,3,6,89,5,1,5,1
571,2020-03-18,6,21,30,37,38,45,2020,3,2,177,3,3,2,4
572,2020-03-20,8,23,29,37,39,44,2020,3,4,180,4,2,1,5
573,2020-03-22,2,10,19,22,24,29,2020,3,6,106,2,4,4,2
574,2020-03-25,26,31,33,37,38,45,2020,3,2,210,4,2,0,6
575,2020-03-27,1,6,10,35,36,45,2020,3,4,133,3,3,3,3
576,2020-03-29,7,10,23,36,39,44,2020,3,6,159,3,3,2,4
577,2020-04-24,10,31,37,39,40,43,2020,4,4,200,4,2,1,5
578,2020-04-26,5,25,30,36,37,41,2020,4,6,174,4,2,1,5
579,2020-04-29,1,8,11,13,15,32,2020,4,2,80,4,2,5,1
580,2020-05-01,6,7,16,37,40,44,2020,5,4,150,2,4,3,3
581,2020-05-03,5,18,29,32,38,44,2020,5,6,166,2,4,2,4
582,2020-05-06,3,18,25,29,30,44,2020,5,2,149,3,3,2,4
583,2020-05-08,1,3,7,12,22,25,2020,5,4,70,4,2,5,1
584,2020-05-10,7,9,23,32,33,37,2020,5,6,141,5,1,2,4
585,2020-05-13,6,20,21,35,40,45,2020,5,2,167,3,3,3,3
586,2020-05-15,3,12,13,28,33,36,2020,5,4,125,3,3,3,3
587,2020-05-17,2,4,21,30,33,37,2020,5,6,127,3,3,3,3
588,2020-05-20,1,8,15,23,25,39,2020,5,2,111,5,1,3,3
589,2020-05-22,3,8,19,28,35,41,2020,5,4,134,4,2,3,3
590,2020-05-24,1,29,30,32,34,35,2020,5,6,161,3,3,1,5
591,2020-05-27,6,15,29,30,37,42,2020,5,2,159,3,3,2,4
592,2020-05-29,4,10,23,26,35,37,2020,5,4,135,3,3,2,4
593,2020-05-31,1,6,13,27,35,40,2020,5,6,122,4,2,3,3
594,2020-06-03,1,15,17,19,40,43,2020,6,2,135,5,1,4,2
595,2020-06-05,10,13,22,28,38,43,2020,6,4,154,2,4,3,3
596,2020-06-07,6,7,11,16,23,44,2020,6,6,107,3,3,4,2
597,2020-06-10,2,11,23,25,26,35,2020,6,2,122,4,2,2,4
598,2020-06-12,5,16,22,27,30,31,2020,6,4,131,3,3,3,3
599,2020-06-14,19,22,24,41,44,45,2020,6,6,195,3,3,2,4
600,2020-06-17,7,16,28,33,34,45,2020,6,2,163,3,3,2,4
601,2020-06-19,4,12,17,19,32,45,2020,6,4,129,3,3,4,2
602,2020-06-21,7,9,13,33,40,44,2020,6,6,146,4,2,3,3
603,2020-06-24,7,17,18,32,39,40,2020,6,2,153,3,3,3,3
604,2020-06-26,9,23,27,30,38,41,2020,6,4,168,4,2,1,5
605,2020-06-28,4,15,24,36,37,41,2020,6,6,157,3,3,2,4
606,2020-07-01,10,13,14,26,32,33,2020,7,2,128,2,4,3,3
607,2020-07-03,4,5,17,18,22,36,2020,7,4,102,2,4,5,1
608,2020-07-05,5,8,10,17,22,31,2020,7,6,93,3,3,5,1
609,2020-07-08,14,15,17,21,31,38,2020,7,2,136,4,2,4,2
610,2020-07-10,18,20,22,33,35,39,2020,7,4,167,3,3,3,3
611,2020-07-12,2,15,21,27,31,35,2020,7,6,131,5,1,3,3
612,2020-07-15,10,11,18,19,20,45,2020,7,2,123,3,3,5,1
613,2020-07-17,4,10,18,20,32,45,2020,7,4,129,1,5,4,2
614,2020-07-19,1,13,14,19,42,45,2020,7,6,134,4,2,4,2
615,2020-07-22,9,13,18,24,26,42,2020,7,2,132,2,4,3,3
616,2020-07-24,4,25,31,35,39,41,2020,7,4,175,5,1,1,5
617,2020-07-26,5,15,21,39,43,45,2020,7,6,168,6,0,3,3
618,2020-07-29,6,14,26,41,42,43,2020,7,2,172,2,4,2,4
619,2020-07-31,4,9,19,29,36,41,2020,7,4,138,4,2,3,3
620,2020-08-02,6,9,12,17,41,42,2020,8,6,127,3,3,4,2
621,2020-08-05,14,18,19,32,33,38,2020,8,2,154,2,4,3,3
622,2020-08-07,17,26,35,40,43,44,2020,8,4,205,3,3,1,5
623,2020-08-09,11,13,14,43,44,45,2020,8,6,170,4,2,3,3
624,2020-08-12,7,21,34,38,43,44,2020,8,2,187,3,3,2,4
625,2020-08-14,9,18,21,24,34,41,2020,8,4,147,3,3,3,3
626,2020-08-16,2,5,6,20,33,39,2020,8,6,105,3,3,4,2
627,2020-08-19,7,20,36,37,43,45,2020,8,2,188,4,2,2,4
628,2020-08-21,7,8,26,30,37,43,2020,8,4,151,3,3,2,4
629,2020-08-23,10,14,19,25,36,39,2020,8,6,143,3,3,3,3
630,2020-08-26,2,18,24,28,35,42,2020,8,2,149,1,5,2,4
631,2020-08-28,10,11,14,23,27,37,2020,8,4,122,4,2,3,3
632,2020-08-30,6,8,18,19,29,33,2020,8,6,113,3,3,4,2
633,2020-09-02,8,10,14,16,18,24,2020,9,2,90,0,6,5,1
634,2020-09-04,7,16,20,30,40,41,2020,9,4,154,2,4,3,3
635,2020-09-06,1,6,19,29,31,44,2020,9,6,130,4,2,3,3
636,2020-09-09,19,21,34,35,36,39,2020,9,2,184,4,2,2,4
637,2020-09-11,4,11,13,16,17,33,2020,9,4,94,4,2,5,1
638,2020-09-13,20,23,28,37,40,44,2020,9,6,192,2,4,1,5
639,2020-09-16,5,20,29,30,38,40,2020,9,2,162,2,4,2,4
640,2020-09-18,10,19,21,23,27,33,2020,9,4,133,5,1,3,3
641,2020-09-20,5,7,9,13,15,16,2020,9,6,65,5,1,6,0
642,2020-09-23,2,8,17,23,30,41,2020,9,2,121,3,3,3,3
643,2020-09-25,14,20,22,35,44,45,2020,9,4,180,2,4,3,3
644,2020-09-27,1,12,26,31,37,38,2020,9,6,145,3,3,2,4
645,2020-09-30,2,5,31,32,42,44,2020,9,2,156,2,4,2,4
646,2020-10-02,9,11,21,31,32,37,2020,10,4,141,5,1,3,3
647,2020-10-04,9,16,19,25,26,39,2020,10,6,134,4,2,3,3
648,2020-10-07,13,15,25,26,28,34,2020,10,2,141,3,3,2,4
649,2020-10-09,15,19,23,30,33,39,2020,10,4,159,5,1,2,4
650,2020-10-11,12,18,28,31,40,45,2020,10,6,174,2,4,2,4
651,2020-10-14,4,7,23,32,43,44,2020,10,2,153,3,3,2,4
652,2020-10-16,4,14,16,23,24,27,2020,10,4,108,2,4,3,3
653,2020-10-18,1,14,25,26,30,40,2020,10,6,136,2,4,2,4
654,2020-10-21,4,11,26,36,38,41,2020,10,2,156,2,4,2,4
655,2020-10-23,5,10,16,23,34,45,2020,10,4,133,3,3,3,3
656,2020-10-25,11,19,30,38,41,45,2020,10,6,184,4,2,2,4
657,2020-10-28,1,4,7,15,35,45,2020,10,2,107,5,1,4,2
658,2020-10-30,4,5,14,18,23,43,2020,10,4,107,3,3,4,2
659,2020-11-01,6,21,27,30,32,44,2020,11,6,160,2,4,2,4
660,2020-11-04,3,8,11,13,26,38,2020,11,2,99,3,3,4,2
661,2020-11-06,19,24,30,32,36,37,2020,11,4,178,2,4,1,5
662,2020-11-08,3,12,14,16,23,33,2020,11,6,101,3,3,4,2
663,2020-11-11,4,10,12,17,20,35,2020,11,2,98,2,4,5,1
664,2020-11-13,8,22,23,33,34,36,2020,11,4,156,2,4,2,4
665,2020-11-15,14,16,21,29,40,41,2020,11,6,161,3,3,3,3
666,2020-11-18,18,19,21,31,39,44,2020,11,2,172,4,2,3,3
667,2020-11-20,2,17,24,29,31,37,2020,11,4,140,4,2,2,4
668,2020-11-22,9,16,17,24,32,40,2020,11,6,138,2,4,3,3
669,2020-11-25,1,5,7,8,25,40,2020,11,2,86,4,2,4,2
670,2020-11-27,1,9,12,13,37,43,2020,11,4,115,5,1,4,2
671,2020-11-29,6,7,14,18,37,43,2020,11,6,125,3,3,4,2
672,2020-12-02,4,5,7,10,25,39,2020,12,2,90,4,2,4,2
673,2020-12-04,3,5,33,37,41,43,2020,12,4,162,6,0,2,4
674,2020-12-06,11,21,24,27,29,37,2020,12,6,149,5,1,2,4
675,2020-12-09,16,24,27,31,36,43,2020,12,2,177,3,3,1,5
676,2020-12-11,23,24,25,35,37,39,2020,12,4,183,5,1,0,6
677,2020-12-13,10,12,20,36,41,44,2020,12,6,163,1,5,3,3
678,2020-12-16,10,11,22,27,36,41,2020,12,2,147,3,3,3,3
679,2020-12-18,4,9,14,23,32,38,2020,12,4,120,2,4,3,3
680,2020-12-20,15,18,28,30,34,44,2020,12,6,169,1,5,2,4
681,2020-12-23,7,11,17,31,35,40,2020,12,2,141,5,1,3,3
682,2020-12-25,6,12,15,22,33,39,2020,12,4,127,3,3,4,2
683,2020-12-27,3,11,17,19,34,39,2020,12,6,123,5,1,4,2
684,2020-12-30,1,13,20,26,35,37,2020,12,2,132,4,2,3,3
685,2021-01-01,10,16,24,26,30,32,2021,1,4,138,0,6,2,4
686,2021-01-03,4,31,34,36,40,43,2021,1,6,188,2,4,1,5
687,2021-01-06,22,27,30,35,40,45,2021,1,2,199,3,3,1,5
688,2021-01-08,8,19,22,25,32,35,2021,1,4,141,3,3,3,3
689,2021-01-10,10,11,22,32,38,43,2021,1,6,156,2,4,3,3
690,2021-01-13,19,20,21,28,33,41,2021,1,2,162,4,2,3,3
691,2021-01-15,4,6,10,13,26,43,2021,1,4,102,2,4,4,2
692,2021-01-17,4,5,32,39,40,42,2021,1,6,162,2,4,2,4
693,2021-01-20,7,20,29,30,40,45,2021,1,2,171,3,3,2,4
694,2021-01-22,1,6,7,20,28,43,2021,1,4,105,3,3,4,2
695,2021-01-24,8,9,23,25,31,32,2021,1,6,128,4,2,2,4
696,2021-01-27,1,7,11,28,41,44,2021,1,2,132,4,2,3,3
697,2021-01-29,6,7,8,29,35,39,2021,1,4,124,4,2,3,3
698,2021-01-31,4,6,7,11,34,41,2021,1,6,103,3,3,4,2
699,2021-02-03,7,9,14,23,35,41,2021,2,2,129,5,1,3,3
700,2021-02-05,2,8,31,32,42,44,2021,2,4,159,1,5,2,4
701,2021-02-07,1,4,7,15,41,42,2021,2,6,110,4,2,4,2
702,2021-02-10,8,13,18,19,21,24,2021,2,2,103,3,3,5,1
703,2021-02-14,3,13,18,21,39,44,2021,2,6,138,4,2,4,2
704,2021-02-17,3,18,21,22,36,44,2021,2,2,144,2,4,4,2
705,2021-02-19,12,19,22,23,34,44,2021,2,4,154,2,4,3,3
706,2021-02-21,6,7,22,24,27,37,2021,2,6,123,3,3,3,3
707,2021-02-24,2,13,19,33,40,43,2021,2,2,150,4,2,3,3
708,2021-02-26,11,13,19,27,37,41,2021,2,4,148,6,0,3,3
709,2021-02-28,4,5,25,28,29,42,2021,2,6,133,3,3,2,4
710,2021-03-03,1,20,28,37,40,44,2021,3,2,170,2,4,2,4
711,2021-03-05,9,11,13,21,27,41,2021,3,4,122,6,0,4,2
712,2021-03-07,4,12,25,28,33,45,2021,3,6,147,3,3,2,4
713,2021-03-10,5,14,15,19,25,33,2021,3,2,111,5,1,4,2
714,2021-03-12,5,11,17,34,38,42,2021,3,4,147,3,3,3,3
715,2021-03-14,1,9,11,32,34,42,2021,3,6,129,3,3,3,3
716,2021-03-17,6,11,26,28,36,41,2021,3,2,148,2,4,2,4
717,2021-03-19,5,6,24,34,36,37,2021,3,4,142,2,4,2,4
718,2021-03-21,8,9,11,31,36,39,2021,3,6,134,4,2,3,3
719,2021-03-24,7,14,23,26,37,39,2021,3,2,146,4,2,2,4
720,2021-03-26,2,11,15,18,23,42,2021,3,4,111,3,3,4,2
721,2021-03-28,23,26,40,41,43,44,2021,3,6,217,3,3,0,6
722,2021-03-31,2,4,6,36,41,42,2021,3,2,131,1,5,3,3
723,2021-04-02,1,5,9,16,42,44,2021,4,4,117,3,3,4,2
724,2021-04-04,5,20,27,30,38,43,2021,4,6,163,3,3,2,4
725,2021-04-07,13,15,19,25,33,34,2021,4,2,139,5,1,3,3
726,2021-04-09,3,4,8,17,19,37,2021,4,4,88,4,2,5,1
727,2021-04-11,3,23,27,32,34,39,2021,4,6,158,4,2,1,5
728,2021-04-14,11,12,16,18,33,35,2021,4,2,125,3,3,4,2
729,2021-04-16,8,9,11,28,30,39,2021,4,4,125,3,3,3,3
730,2021-04-18,7,9,15,23,26,27,2021,4,6,107,5,1,3,3
731,2021-04-21,3,12,19,27,32,35,2021,4,2,128,4,2,3,3
732,2021-04-23,13,16,18,22,34,39,2021,4,4,142,2,4,4,2
733,2021-04-25,8,19,21,28,32,44,2021,4,6,152,2,4,3,3
734,2021-04-28,21,39,40,41,43,45,2021,4,2,229,5,1,1,5
735,2021-04-30,3,4,20,21,36,41,2021,4,4,125,3,3,4,2
736,2021-05-02,7,8,30,35,40,44,2021,5,6,164,2,4,2,4
737,2021-05-05,3,14,20,22,37,44,2021,5,2,140,2,4,4,2
738,2021-05-07,10,20,21,27,33,34,2021,5,4,145,3,3,3,3
739,2021-05-09,1,7,16,24,27,37,2021,5,6,112,4,2,3,3
740,2021-05-12,9,15,22,27,34,42,2021,5,2,149,3,3,3,3
741,2021-05-14,3,11,16,20,24,30,2021,5,4,104,2,4,4,2
742,2021-05-16,13,23,33,37,40,43,2021,5,6,189,5,1,1,5
743,2021-05-19,3,12,23,29,33,34,2021,5,2,134,4,2,2,4
744,2021-05-21,4,28,37,38,40,42,2021,5,4,189,1,5,1,5
745,2021-05-23,11,14,22,26,29,44,2021,5,6,146,2,4,3,3
746,2021-05-26,1,10,22,36,38,45,2021,5,2,152,2,4,3,3
747,2021-05-28,2,15,33,41,44,45,2021,5,4,180,4,2,2,4
748,2021-05-30,7,10,19,30,40,45,2021,5,6,151,3,3,3,3
749,2021-06-02,10,20,22,26,31,42,2021,6,2,151,1,5,3,3
750,2021-06-04,19,24,31,32,35,36,2021,6,4,177,3,3,1,5
751,2021-06-06,5,7,10,13,14,42,2021,6,6,91,3,3,5,1
752,2021-06-09,2,7,18,20,24,36,2021,6,2,107,1,5,4,2
753,2021-06-11,8,12,13,14,32,40,2021,6,4,119,1,5,4,2
754,2021-06-13,3,10,12,13,36,44,2021,6,6,118,2,4,4,2
755,2021-06-16,11,19,24,28,31,39,2021,6,2,152,4,2,2,4
756,2021-06-18,10,11,28,29,40,42,2021,6,4,160,2,4,2,4
757,2021-06-20,10,24,27,42,43,45,2021,6,6,191,3,3,1,5
758,2021-06-23,4,7,20,28,33,41,2021,6,2,133,3,3,3,3
759,2021-06-25,3,5,6,23,24,39,2021,6,4,100,4,2,3,3
760,2021-06-27,5,10,29,37,42,44,2021,6,6,167,3,3,2,4
761,2021-06-30,2,5,6,8,10,32,2021,6,2,63,1,5,5,1
762,2021-07-02,1,14,15,18,32,45,2021,7,4,125,3,3,4,2
763,2021-07-04,3,14,15,21,26,37,2021,7,6,116,4,2,4,2
764,2021-07-07,1,6,13,30,34,43,2021,7,2,127,3,3,3,3
765,2021-07-09,4,9,17,18,28,32,2021,7,4,108,2,4,4,2
766,2021-07-11,2,8,15,17,19,30,2021,7,6,91,3,3,5,1
767,2021-07-14,4,11,22,29,37,43,2021,7,2,146,4,2,3,3
768,2021-07-16,1,9,18,26,41,45,2021,7,4,140,4,2,3,3
769,2021-07-18,3,8,19,21,25,36,2021,7,6,112,4,2,4,2
770,2021-07-21,8,10,12,29,34,37,2021,7,2,130,2,4,3,3
771,2021-07-23,19,26,31,33,41,42,2021,7,4,192,4,2,1,5
772,2021-08-18,10,16,19,27,28,36,2021,8,2,136,2,4,3,3
773,2021-08-20,4,8,17,27,32,36,2021,8,4,124,2,4,3,3
774,2021-08-22,6,7,18,25,40,43,2021,8,6,139,3,3,3,3
775,2021-08-25,1,3,5,17,22,33,2021,8,2,81,5,1,5,1
776,2021-08-27,4,10,11,15,24,37,2021,8,4,101,3,3,4,2
777,2021-08-29,1,18,21,25,27,35,2021,8,6,127,5,1,3,3
778,2021-09-01,6,13,33,34,40,45,2021,9,2,171,3,3,2,4
779,2021-09-03,6,11,18,23,32,44,2021,9,4,134,2,4,3,3
780,2021-09-05,15,18,25,27,29,34,2021,9,6,148,4,2,2,4
781,2021-09-08,4,18,28,32,36,40,2021,9,2,158,0,6,2,4
782,2021-09-10,10,16,22,36,43,44,2021,9,4,171,1,5,3,3
783,2021-09-12,4,8,21,29,33,45,2021,9,6,140,4,2,3,3
784,2021-09-15,11,14,17,24,29,35,2021,9,2,130,4,2,3,3
785,2021-09-17,6,10,15,37,39,44,2021,9,4,151,3,3,3,3
786,2021-09-19,6,24,28,31,36,43,2021,9,6,168,2,4,1,5
787,2021-09-22,5,10,19,22,36,45,2021,9,2,137,3,3,4,2
788,2021-09-24,1,4,7,14,16,41,2021,9,4,83,3,3,5,1
789,2021-09-26,13,27,34,35,36,41,2021,9,6,186,4,2,1,5
790,2021-09-29,6,15,16,27,36,42,2021,9,2,142,2,4,3,3
791,2021-10-01,11,15,17,27,28,45,2021,10,4,143,5,1,3,3
792,2021-10-03,6,12,28,30,39,42,2021,10,6,157,1,5,2,4
793,2021-10-06,9,11,15,20,32,36,2021,10,2,123,3,3,4,2
794,2021-10-08,4,13,18,23,33,43,2021,10,4,134,4,2,3,3
795,2021-10-10,3,25,26,29,40,42,2021,10,6,165,3,3,1,5
796,2021-10-13,20,34,37,39,41,42,2021,10,2,213,3,3,1,5
797,2021-10-15,5,13,17,20,29,45,2021,10,4,129,5,1,4,2
798,2021-10-17,4,12,21,22,27,40,2021,10,6,126,2,4,4,2
799,2021-10-20,5,9,33,40,41,45,2021,10,2,173,5,1,2,4
800,2021-10-22,3,5,6,9,28,43,2021,10,4,94,4,2,4,2
801,2021-10-24,6,29,31,32,39,44,2021,10,6,181,3,3,1,5
802,2021-10-27,13,17,26,29,33,39,2021,10,2,157,5,1,2,4
803,2021-10-29,17,19,22,31,32,34,2021,10,4,155,3,3,3,3
804,2021-10-31,9,14,17,18,36,41,2021,10,6,135,3,3,4,2
805,2021-11-03,3,13,15,23,24,44,2021,11,2,122,4,2,3,3
806,2021-11-05,10,16,36,40,41,42,2021,11,4,185,1,5,2,4
807,2021-11-07,5,20,24,25,35,36,2021,11,6,145,3,3,2,4
808,2021-11-10,17,18,19,20,27,44,2021,11,2,145,3,3,4,2
809,2021-11-12,11,14,18,24,35,37,2021,11,4,139,3,3,3,3
810,2021-11-14,3,5,18,28,42,43,2021,11,6,139,3,3,3,3
811,2021-11-17,4,15,25,26,32,35,2021,11,2,137,3,3,2,4
812,2021-11-19,9,10,26,28,39,43,2021,11,4,155,3,3,2,4
813,2021-11-21,1,12,29,40,44,45,2021,11,6,171,3,3,2,4
814,2021-11-24,2,10,18,23,34,36,2021,11,2,123,1,5,3,3
815,2021-11-26,4,18,25,29,32,34,2021,11,4,142,2,4,2,4
816,2021-11-28,13,17,26,27,31,37,2021,11,6,151,5,1,2,4
817,2021-12-01,8,9,30,31,38,45,2021,12,2,161,3,3,2,4
818,2021-12-03,10,14,29,37,38,40,2021,12,4,168,2,4,2,4
819,2021-12-05,3,5,6,31,34,35,2021,12,6,114,4,2,3,3
820,2021-12-08,2,3,16,19,22,34,2021,12,2,96,2,4,5,1
821,2021-12-10,1,4,17,19,24,42,2021,12,4,107,3,3,4,2
822,2021-12-12,16,21,29,40,41,43,2021,12,6,190,4,2,2,4
823,2021-12-15,3,18,29,30,39,41,2021,12,2,160,4,2,2,4
824,2021-12-17,8,15,16,21,25,33,2021,12,4,118,4,2,4,2
825,2021-12-19,12,15,24,30,36,45,2021,12,6,162,2,4,2,4
826,2021-12-22,8,16,17,23,28,38,2021,12,2,130,2,4,3,3
827,2021-12-24,3,17,25,26,36,38,2021,12,4,145,3,3,2,4
828,2021-12-26,4,11,16,24,35,44,2021,12,6,134,2,4,3,3
829,2021-12-29,5,27,33,34,38,40,2021,12,2,177,3,3,1,5
830,2021-12-31,2,5,12,33,41,45,2021,12,4,138,4,2,3,3
831,2022-01-02,11,17,30,36,41,45,2022,1,6,180,4,2,2,4
832,2022-01-05,1,3,8,9,35,40,2022,1,2,96,4,2,4,2
833,2022-01-07,10,13,24,28,38,44,2022,1,4,157,1,5,2,4
834,2022-01-09,6,7,11,22,35,41,2022,1,6,122,4,2,4,2
835,2022-01-12,3,6,13,15,36,44,2022,1,2,117,3,3,4,2
836,2022-01-14,5,14,27,30,38,45,2022,1,4,159,3,3,2,4
837,2022-01-16,1,3,4,5,32,33,2022,1,6,78,4,2,4,2
838,2022-01-19,14,21,25,34,37,39,2022,1,2,170,4,2,2,4
839,2022-01-21,1,13,17,24,27,42,2022,1,4,124,4,2,3,3
840,2022-01-23,13,20,24,32,34,40,2022,1,6,163,1,5,2,4
841,2022-01-26,5,11,15,18,27,43,2022,1,2,119,5,1,4,2
842,2022-01-28,4,6,12,26,27,39,2022,1,4,114,2,4,3,3
843,2022-01-30,1,7,22,26,28,41,2022,1,6,125,3,3,3,3
844,2022-02-02,5,6,14,20,31,38,2022,2,2,114,2,4,4,2
845,2022-02-04,11,16,18,38,40,43,2022,2,4,166,2,4,3,3
846,2022-02-06,5,9,21,24,34,39,2022,2,6,132,4,2,3,3
847,2022-02-09,3,20,27,37,44,45,2022,2,2,176,4,2,2,4
848,2022-02-11,10,11,19,38,41,44,2022,2,4,163,3,3,3,3
849,2022-02-13,14,21,22,24,28,45,2022,2,6,154,2,4,3,3
850,2022-02-16,2,5,8,16,22,42,2022,2,2,95,1,5,5,1
851,2022-02-18,3,14,20,26,28,36,2022,2,4,127,1,5,3,3
852,2022-02-20,4,6,16,30,43,44,2022,2,6,143,1,5,3,3
853,2022-02-23,2,16,18,19,24,29,2022,2,2,108,2,4,4,2
854,2022-02-25,10,13,30,33,39,41,2022,2,4,166,4,2,2,4
855,2022-02-27,10,20,25,27,38,45,2022,2,6,165,3,3,2,4
856,2022-03-02,7,10,13,20,21,34,2022,3,2,105,3,3,5,1
857,2022-03-04,3,19,21,24,27,38,2022,3,4,132,4,2,3,3
858,2022-03-06,11,16,21,33,34,42,2022,3,6,157,3,3,3,3
859,2022-03-09,3,15,35,39,40,43,2022,3,2,175,5,1,2,4
860,2022-03-11,6,20,23,29,34,45,2022,3,4,157,3,3,2,4
861,2022-03-13,1,5,19,20,23,38,2022,3,6,106,4,2,4,2
862,2022-03-16,10,11,14,24,31,45,2022,3,2,135,3,3,3,3
863,2022-03-18,6,10,15,29,41,42,2022,3,4,143,3,3,3,3
864,2022-03-20,1,9,10,12,22,44,2022,3,6,98,2,4,5,1
865,2022-03-23,2,9,37,38,40,43,2022,3,2,169,3,3,2,4
866,2022-03-25,1,12,13,27,29,35,2022,3,4,117,5,1,3,3
867,2022-03-27,8,17,21,39,44,45,2022,3,6,174,4,2,3,3
868,2022-03-30,1,12,26,28,39,45,2022,3,2,151,3,3,2,4
869,2022-04-01,2,19,25,32,41,44,2022,4,4,163,3,3,2,4
870,2022-04-03,5,11,20,26,40,43,2022,4,6,145,3,3,3,3
871,2022-04-06,13,17,19,25,32,45,2022,4,2,151,5,1,3,3
872,2022-04-08,2,13,16,19,20,36,2022,4,4,106,2,4,5,1
873,2022-04-10,4,17,28,30,38,42,2022,4,6,159,1,5,2,4
874,2022-04-13,1,7,20,25,40,41,2022,4,2,134,4,2,3,3
875,2022-04-15,9,18,21,25,35,44,2022,4,4,152,4,2,3,3
876,2022-04-17,5,13,15,28,38,40,2022,4,6,139,3,3,3,3
877,2022-04-20,1,8,17,21,27,37,2022,4,2,111,5,1,4,2
878,2022-04-22,11,13,15,18,24,36,2022,4,4,117,3,3,4,2
879,2022-04-24,9,12,23,30,32,40,2022,4,6,146,2,4,2,4
880,2022-04-27,3,9,14,17,27,32,2022,4,2,102,4,2,4,2
881,2022-04-29,5,12,16,25,26,32,2022,4,4,116,2,4,3,3
882,2022-05-01,8,21,26,35,37,42,2022,5,6,169,3,3,2,4
883,2022-05-04,1,4,23,28,33,38,2022,5,2,127,3,3,2,4
884,2022-05-06,1,3,15,16,34,43,2022,5,4,112,4,2,4,2
885,2022-05-08,4,12,20,25,35,37,2022,5,6,133,3,3,3,3
886,2022-05-11,2,6,7,18,34,41,2022,5,2,108,2,4,4,2
887,2022-05-13,7,8,18,29,41,44,2022,5,4,147,3,3,3,3
888,2022-05-15,5,20,21,31,34,37,2022,5,6,148,4,2,3,3
889,2022-05-18,3,17,23,37,40,42,2022,5,2,162,4,2,2,4
890,2022-05-20,12,17,34,39,44,45,2022,5,4,191,3,3,2,4
891,2022-05-22,1,7,10,24,33,40,2022,5,6,115,3,3,3,3
892,2022-05-25,19,26,27,39,44,45,2022,5,2,200,4,2,1,5
893,2022-05-27,16,21,23,27,35,41,2022,5,4,163,5,1,2,4
894,2022-05-29,2,6,19,24,30,42,2022,5,6,123,1,5,3,3
895,2022-06-01,6,10,21,23,28,39,2022,6,2,127,3,3,3,3
896,2022-06-03,5,8,34,38,39,41,2022,6,4,165,3,3,2,4
897,2022-06-05,6,8,21,28,30,35,2022,6,6,128,2,4,3,3
898,2022-06-08,2,10,13,15,22,36,2022,6,2,98,2,4,5,1
899,2022-06-10,10,23,25,26,30,41,2022,6,4,155,3,3,1,5
900,2022-06-12,6,14,19,22,40,42,2022,6,6,143,1,5,4,2
901,2022-06-15,1,6,12,20,36,39,2022,6,2,114,2,4,4,2
902,2022-06-17,5,8,26,29,35,44,2022,6,4,147,3,3,2,4
903,2022-06-19,1,24,25,31,39,40,2022,6,6,160,4,2,1,5
904,2022-06-22,3,20,23,30,33,35,2022,6,2,144,4,2,2,4
905,2022-06-24,7,16,18,32,34,44,2022,6,4,151,1,5,3,3
906,2022-06-26,3,7,8,18,27,36,2022,6,6,99,3,3,4,2
907,2022-06-29,1,19,20,27,30,32,2022,6,2,129,3,3,3,3
908,2022-07-01,17,26,30,31,33,39,2022,7,4,176,4,2,1,5
909,2022-07-03,8,14,17,20,21,40,2022,7,6,120,2,4,5,1
910,2022-07-06,4,12,14,15,41,42,2022,7,2,128,2,4,4,2
911,2022-07-08,6,7,12,18,21,43,2022,7,4,107,3,3,5,1
912,2022-07-10,12,23,29,36,37,41,2022,7,6,178,4,2,1,5
913,2022-07-13,4,9,21,28,35,37,2022,7,2,134,4,2,3,3
914,2022-07-15,4,30,35,39,42,43,2022,7,4,193,3,3,1,5
915,2022-07-17,7,13,20,23,27,29,2022,7,6,119,5,1,3,3
916,2022-07-20,5,6,20,22,26,39,2022,7,2,118,2,4,4,2
917,2022-07-22,4,10,18,22,31,37,2022,7,4,122,2,4,4,2
918,2022-07-24,4,11,17,29,30,44,2022,7,6,135,3,3,3,3
919,2022-07-27,9,15,18,22,32,41,2022,7,2,137,3,3,4,2
920,2022-07-29,5,7,11,20,31,37,2022,7,4,111,5,1,4,2
921,2022-07-31,3,8,15,16,40,42,2022,7,6,124,2,4,4,2
922,2022-08-03,5,14,30,36,38,42,2022,8,2,165,1,5,2,4
923,2022-08-05,10,13,14,32,37,42,2022,8,4,148,2,4,3,3
924,2022-08-07,6,9,10,13,24,27,2022,8,6,89,3,3,4,2
925,2022-08-10,4,8,10,15,26,31,2022,8,2,94,2,4,4,2
926,2022-08-12,5,7,16,20,36,41,2022,8,4,125,3,3,4,2
927,2022-08-14,9,13,21,24,34,35,2022,8,6,136,4,2,3,3
928,2022-08-17,23,29,35,37,39,45,2022,8,2,208,6,0,0,6
929,2022-08-19,25,26,33,39,41,43,2022,8,4,207,5,1,0,6
930,2022-08-21,5,19,21,23,28,36,2022,8,6,132,4,2,3,3
931,2022-08-24,12,20,21,23,27,34,2022,8,2,137,3,3,3,3
932,2022-08-26,3,30,31,32,36,45,2022,8,4,177,3,3,1,5
933,2022-08-28,8,16,31,37,39,41,2022,8,6,172,4,2,2,4
934,2022-08-31,4,10,28,29,31,34,2022,8,2,136,2,4,2,4
935,2022-09-02,2,3,14,21,31,33,2022,9,4,104,4,2,4,2
936,2022-09-04,5,17,19,27,35,39,2022,9,6,142,6,0,3,3
937,2022-09-07,8,9,10,20,35,38,2022,9,2,120,2,4,4,2
938,2022-09-09,4,6,13,14,28,39,2022,9,4,104,2,4,4,2
939,2022-09-11,4,15,20,31,43,44,2022,9,6,157,3,3,3,3
940,2022-09-14,3,12,15,20,24,45,2022,9,2,119,3,3,4,2
941,2022-09-16,2,26,35,41,42,43,2022,9,4,189,3,3,1,5
942,2022-09-18,3,5,10,17,25,29,2022,9,6,89,5,1,4,2
943,2022-09-21,5,10,14,25,42,45,2022,9,2,141,3,3,3,3
944,2022-09-23,1,12,21,28,30,44,2022,9,4,136,2,4,3,3
945,2022-09-25,3,5,8,31,33,34,2022,9,6,114,4,2,3,3
946,2022-09-28,4,5,7,24,27,30,2022,9,2,97,3,3,3,3
947,2022-09-30,4,11,19,20,35,41,2022,9,4,130,4,2,4,2
948,2022-10-02,3,17,28,30,31,32,2022,10,6,141,3,3,2,4
949,2022-10-05,9,18,23,24,29,34,2022,10,2,137,3,3,2,4
950,2022-10-07,18,20,29,34,36,38,2022,10,4,175,1,5,2,4
951,2022-10-09,13,15,20,25,35,43,2022,10,6,151,5,1,3,3
952,2022-10-12,1,7,13,16,27,35,2022,10,2,99,5,1,4,2
953,2022-10-14,1,6,22,25,30,34,2022,10,4,118,2,4,3,3
954,2022-10-16,2,5,19,26,38,40,2022,10,6,130,2,4,3,3
955,2022-10-19,1,3,7,10,21,29,2022,10,2,71,5,1,5,1
956,2022-10-21,10,16,17,18,34,42,2022,10,4,137,1,5,4,2
957,2022-10-23,2,11,18,33,36,45,2022,10,6,145,3,3,3,3
958,2022-10-26,2,3,10,15,31,36,2022,10,2,97,3,3,4,2
959,2022-10-28,16,21,22,33,42,45,2022,10,4,179,3,3,3,3
960,2022-10-30,15,27,31,36,38,41,2022,10,6,188,4,2,1,5
961,2022-11-02,2,17,23,27,37,42,2022,11,2,148,4,2,2,4
962,2022-11-04,9,13,16,24,33,45,2022,11,4,140,4,2,3,3
963,2022-11-06,8,10,12,14,17,31,2022,11,6,92,2,4,5,1
964,2022-11-09,7,9,16,20,30,32,2022,11,2,114,2,4,4,2
965,2022-11-11,2,3,9,15,17,43,2022,11,4,89,5,1,5,1
966,2022-11-13,3,4,27,32,40,43,2022,11,6,149,3,3,2,4
967,2022-11-16,2,3,12,32,35,44,2022,11,2,128,2,4,3,3
968,2022-11-18,15,16,22,25,29,33,2022,11,4,140,4,2,3,3
969,2022-11-20,1,4,14,22,24,40,2022,11,6,105,1,5,4,2
970,2022-11-23,4,13,15,20,37,38,2022,11,2,127,3,3,4,2
971,2022-11-25,14,20,24,30,35,41,2022,11,4,164,2,4,2,4
972,2022-11-27,1,26,27,35,36,43,2022,11,6,168,4,2,1,5
973,2022-11-30,7,15,20,25,32,37,2022,11,2,136,4,2,3,3
974,2022-12-02,2,18,21,24,38,44,2022,12,4,147,1,5,3,3
975,2022-12-04,4,5,7,9,27,39,2022,12,6,91,5,1,4,2
976,2022-12-07,8,11,19,24,26,42,2022,12,2,130,2,4,3,3
977,2022-12-09,4,23,25,30,40,41,2022,12,4,163,3,3,1,5
978,2022-12-11,9,11,16,17,22,33,2022,12,6,108,4,2,5,1
979,2022-12-14,13,29,35,37,38,41,2022,12,2,193,5,1,1,5
980,2022-12-16,6,19,22,26,38,39,2022,12,4,150,2,4,3,3
981,2022-12-18,2,12,13,33,36,42,2022,12,6,138,2,4,3,3
982,2022-12-21,8,12,20,26,35,37,2022,12,2,138,2,4,3,3
983,2022-12-23,2,14,21,22,35,43,2022,12,4,137,3,3,4,2
984,2022-12-25,15,17,21,28,37,43,2022,12,6,161,5,1,3,3
985,2022-12-28,4,5,10,21,33,37,2022,12,2,110,4,2,4,2
986,2022-12-30,3,24,31,35,39,42,2022,12,4,174,4,2,1,5
987,2023-01-01,16,20,26,30,32,40,2023,1,6,164,0,6,2,4
988,2023-01-04,3,5,7,37,39,42,2023,1,2,133,5,1,3,3
989,2023-01-06,2,7,16,25,35,38,2023,1,4,123,3,3,3,3
990,2023-01-08,11,29,32,39,40,43,2023,1,6,194,4,2,1,5
991,2023-01-11,1,18,22,33,34,43,2023,1,2,151,3,3,3,3
992,2023-01-13,3,11,14,20,26,42,2023,1,4,116,2,4,4,2
993,2023-01-15,8,9,15,21,26,45,2023,1,6,124,4,2,4,2
994,2023-01-20,3,7,13,29,32,44,2023,1,4,128,4,2,3,3
995,2023-01-25,12,14,18,22,28,31,2023,1,2,125,1,5,4,2
996,2023-01-27,10,13,21,29,41,43,2023,1,4,157,5,1,3,3
997,2023-01-29,5,21,26,27,32,33,2023,1,6,144,4,2,2,4
998,2023-02-01,16,21,27,29,34,44,2023,2,2,171,3,3,2,4
999,2023-02-03,4,11,16,30,33,43,2023,2,4,137,3,3,3,3
1000,2023-02-05,13,15,23,29,31,34,2023,2,6,145,5,1,2,4
1001,2023-02-08,6,18,20,22,26,34,2023,2,2,126,0,6,4,2
1002,2023-02-10,1,11,23,27,33,39,2023,2,4,134,6,0,2,4
1003,2023-02-12,3,5,11,23,24,42,2023,2,6,108,4,2,3,3
1004,2023-02-15,1,2,8,20,24,31,2023,2,2,86,2,4,4,2
1005,2023-02-17,1,5,10,13,23,25,2023,2,4,77,5,1,4,2
1006,2023-02-19,2,20,22,28,29,38,2023,2,6,139,1,5,3,3
1007,2023-02-22,8,16,22,23,28,38,2023,2,2,135,1,5,3,3
1008,2023-02-24,1,10,16,22,35,44,2023,2,4,128,2,4,4,2
1009,2023-02-26,4,9,16,26,28,42,2023,2,6,125,1,5,3,3
1010,2023-03-01,13,14,29,33,38,43,2023,3,2,170,4,2,2,4
1011,2023-03-03,10,22,26,27,33,43,2023,3,4,161,3,3,2,4
1012,2023-03-05,9,11,24,31,36,44,2023,3,6,155,3,3,2,4
1013,2023-03-08,10,13,22,25,28,36,2023,3,2,134,2,4,3,3
1014,2023-03-10,3,5,13,22,36,44,2023,3,4,123,3,3,4,2
1015,2023-03-12,10,28,29,31,33,37,2023,3,6,168,4,2,1,5
1016,2023-03-15,11,19,23,28,34,35,2023,3,2,150,4,2,2,4
1017,2023-03-17,5,7,12,22,26,33,2023,3,4,105,3,3,4,2
1018,2023-03-19,2,7,10,21,28,35,2023,3,6,103,3,3,4,2
1019,2023-03-22,5,8,10,15,17,41,2023,3,2,96,4,2,5,1
1020,2023-03-24,6,14,15,18,24,41,2023,3,4,118,2,4,4,2
1021,2023-03-26,6,16,18,25,34,45,2023,3,6,144,2,4,3,3
1022,2023-03-29,3,6,12,28,29,43,2023,3,2,121,3,3,3,3
1023,2023-03-31,1,9,10,15,30,42,2023,3,4,107,3,3,4,2
1024,2023-04-02,2,24,36,38,42,43,2023,4,6,185,1,5,1,5
1025,2023-04-05,4,8,12,15,19,43,2023,4,2,101,3,3,5,1
1026,2023-04-07,9,14,22,29,39,41,2023,4,4,154,4,2,3,3
1027,2023-04-09,12,15,25,30,34,39,2023,4,6,155,3,3,2,4
1028,2023-04-12,4,7,27,28,32,43,2023,4,2,141,3,3,2,4
1029,2023-04-14,8,16,23,27,32,41,2023,4,4,147,3,3,2,4
1030,2023-04-16,8,17,20,25,33,36,2023,4,6,139,3,3,3,3
1031,2023-04-19,10,27,37,40,42,43,2023,4,2,199,3,3,1,5
1032,2023-04-21,2,4,7,10,20,44,2023,4,4,87,1,5,5,1
1033,2023-04-23,1,2,22,30,37,42,2023,4,6,134,2,4,3,3
1034,2023-04-26,1,4,7,9,34,37,2023,4,2,92,4,2,4,2
1035,2023-04-28,5,11,25,33,42,44,2023,4,4,160,4,2,2,4
1036,2023-04-30,7,9,23,24,33,36,2023,4,6,132,4,2,2,4
1037,2023-05-03,18,23,28,29,39,44,2023,5,2,181,3,3,1,5
1038,2023-05-05,22,28,31,35,36,38,2023,5,4,190,2,4,1,5
1039,2023-05-07,4,30,31,33,35,45,2023,5,6,178,4,2,1,5
1040,2023-05-10,7,8,9,13,15,27,2023,5,2,79,5,1,5,1
1041,2023-05-12,2,6,8,9,15,27,2023,5,4,67,3,3,5,1
1042,2023-05-14,7,8,13,37,42,44,2023,5,6,151,3,3,3,3
1043,2023-05-17,2,6,13,20,28,44,2023,5,2,113,1,5,4,2
1044,2023-05-19,3,9,10,27,35,38,2023,5,4,122,4,2,3,3
1045,2023-05-21,8,10,17,19,24,41,2023,5,6,119,3,3,4,2
1046,2023-05-24,9,11,15,28,33,44,2023,5,2,140,4,2,3,3
1047,2023-05-26,8,10,19,25,35,44,2023,5,4,141,3,3,3,3
1048,2023-05-28,6,13,19,20,37,44,2023,5,6,139,3,3,4,2
1049,2023-05-31,4,9,10,22,41,44,2023,5,2,130,2,4,4,2
1050,2023-06-02,3,11,14,19,21,43,2023,6,4,111,5,1,5,1
1051,2023-06-04,3,15,19,35,36,43,2023,6,6,151,5,1,3,3
1052,2023-06-07,1,7,14,16,34,44,2023,6,2,116,2,4,4,2
1053,2023-06-09,15,16,23,25,40,41,2023,6,4,160,4,2,2,4
1054,2023-06-11,5,18,22,40,41,44,2023,6,6,170,2,4,3,3
1055,2023-06-14,2,28,31,37,41,44,2023,6,2,183,3,3,1,5
1056,2023-06-16,24,26,32,37,38,41,2023,6,4,198,2,4,0,6
1057,2023-06-18,3,4,8,18,21,33,2023,6,6,87,3,3,5,1
1058,2023-06-21,7,13,19,35,37,38,2023,6,2,149,5,1,3,3
1059,2023-06-23,10,14,15,20,24,45,2023,6,4,128,2,4,4,2
1060,2023-06-25,4,6,7,25,26,30,2023,6,6,98,2,4,3,3
1061,2023-06-28,4,8,24,31,42,45,2023,6,2,154,2,4,2,4
1062,2023-06-30,2,5,20,23,31,38,2023,6,4,119,3,3,3,3
1063,2023-07-02,3,5,8,17,37,41,2023,7,6,111,5,1,4,2
1064,2023-07-05,1,12,24,27,36,44,2023,7,2,144,2,4,2,4
1065,2023-07-07,5,9,12,20,37,42,2023,7,4,125,3,3,4,2
1066,2023-07-09,14,16,27,28,33,41,2023,7,6,159,3,3,2,4
1067,2023-07-12,19,24,27,31,33,43,2023,7,2,177,5,1,1,5
1068,2023-07-14,4,5,13,19,27,37,2023,7,4,105,5,1,4,2
1069,2023-07-16,1,7,16,18,21,29,2023,7,6,92,4,2,5,1
1070,2023-07-19,6,10,19,37,43,45,2023,7,2,160,4,2,3,3
1071,2023-07-21,9,20,31,33,36,45,2023,7,4,174,4,2,2,4
1072,2023-07-23,14,17,23,32,33,43,2023,7,6,162,4,2,2,4
1073,2023-07-26,4,13,18,21,29,37,2023,7,2,122,4,2,4,2
1074,2023-07-28,7,27,28,30,31,35,2023,7,4,158,4,2,1,5
1075,2023-07-30,3,17,23,33,42,45,2023,7,6,163,5,1,2,4
1076,2023-08-02,4,21,27,38,39,44,2023,8,2,173,3,3,2,4
1077,2023-08-04,2,12,22,38,41,44,2023,8,4,159,1,5,3,3
1078,2023-08-06,4,15,19,25,30,38,2023,8,6,131,3,3,3,3
1079,2023-08-09,18,22,30,31,39,41,2023,8,2,181,3,3,2,4
1080,2023-08-11,16,21,26,29,30,45,2023,8,4,167,3,3,2,4
1081,2023-08-13,9,15,23,33,35,40,2023,8,6,155,5,1,2,4
1082,2023-08-16,5,7,25,31,39,41,2023,8,2,148,6,0,2,4
1083,2023-08-18,12,19,21,22,34,38,2023,8,4,146,2,4,4,2
1084,2023-08-20,7,8,22,23,30,42,2023,8,6,132,2,4,3,3
1085,2023-08-23,5,14,18,19,29,31,2023,8,2,116,4,2,4,2
1086,2023-08-25,8,18,30,32,38,45,2023,8,4,171,1,5,2,4
1087,2023-08-27,24,27,30,37,44,45,2023,8,6,207,3,3,0,6
1088,2023-08-30,13,17,20,28,30,33,2023,8,2,141,3,3,3,3
1089,2023-09-01,9,14,16,19,28,41,2023,9,4,127,3,3,4,2
1090,2023-09-03,1,33,38,39,44,45,2023,9,6,200,4,2,1,5
1091,2023-09-06,3,4,12,18,19,29,2023,9,2,85,3,3,5,1
1092,2023-09-08,6,8,14,29,39,42,2023,9,4,138,2,4,3,3
1093,2023-09-10,4,5,10,18,27,40,2023,9,6,104,2,4,4,2
1094,2023-09-13,2,4,7,9,12,13,2023,9,2,47,3,3,6,0
1095,2023-09-15,2,3,5,7,10,38,2023,9,4,65,3,3,5,1
1096,2023-09-17,6,10,15,36,39,43,2023,9,6,149,3,3,3,3
1097,2023-09-20,3,6,20,39,40,41,2023,9,2,149,3,3,3,3
1098,2023-09-22,2,16,17,18,20,23,2023,9,4,96,2,4,5,1
1099,2023-09-24,4,8,23,27,30,36,2023,9,6,128,2,4,2,4
1100,2023-09-27,3,12,22,30,37,39,2023,9,2,143,3,3,3,3
1101,2023-09-29,2,8,24,27,30,43,2023,9,4,134,2,4,2,4
1102,2023-10-01,2,11,13,16,41,43,2023,10,6,126,4,2,4,2
1103,2023-10-04,7,17,21,32,40,45,2023,10,2,162,4,2,3,3
1104,2023-10-06,18,19,24,28,33,40,2023,10,4,162,2,4,2,4
1105,2023-10-08,4,16,22,28,33,39,2023,10,6,142,2,4,3,3
1106,2023-10-11,5,10,30,40,44,45,2023,10,2,174,2,4,2,4
1107,2023-10-13,1,11,16,39,40,45,2023,10,4,152,4,2,3,3
1108,2023-10-15,4,5,9,27,34,39,2023,10,6,118,4,2,3,3
1109,2023-10-18,2,7,18,20,24,29,2023,10,2,100,2,4,4,2
1110,2023-10-20,4,16,21,24,26,37,2023,10,4,128,2,4,3,3
1111,2023-10-22,10,13,14,19,35,40,2023,10,6,131,3,3,4,2
1112,2023-10-25,4,6,13,25,31,41,2023,10,2,120,4,2,3,3
1113,2023-10-27,7,10,14,21,26,37,2023,10,4,115,3,3,4,2
1114,2023-10-29,5,7,15,21,32,45,2023,10,6,125,5,1,4,2
1115,2023-11-01,1,3,15,16,23,28,2023,11,2,86,4,2,4,2
1116,2023-11-03,2,7,9,13,22,38,2023,11,4,91,3,3,5,1
1117,2023-11-05,1,13,16,18,23,25,2023,11,6,96,4,2,4,2
1118,2023-11-08,7,20,23,27,31,33,2023,11,2,141,5,1,2,4
1119,2023-11-10,1,4,10,13,14,44,2023,11,4,86,2,4,5,1
1120,2023-11-12,2,4,10,15,27,31,2023,11,6,89,3,3,4,2
1121,2023-11-15,2,3,12,16,30,37,2023,11,2,100,2,4,4,2
1122,2023-11-17,16,20,25,26,36,41,2023,11,4,164,2,4,2,4
1123,2023-11-19,1,3,19,20,26,34,2023,11,6,103,3,3,4,2
1124,2023-11-22,15,18,20,23,37,39,2023,11,2,152,4,2,3,3
1125,2023-11-24,5,18,22,34,41,45,2023,11,4,165,3,3,3,3
1126,2023-11-26,4,6,15,23,25,36,2023,11,6,109,3,3,3,3
1127,2023-11-29,9,22,24,32,38,39,2023,11,2,164,2,4,2,4
1128,2023-12-01,5,10,14,21,27,32,2023,12,4,109,3,3,4,2
1129,2023-12-03,12,14,16,21,29,32,2023,12,6,124,2,4,4,2
1130,2023-12-06,18,19,20,29,41,42,2023,12,2,169,3,3,3,3
1131,2023-12-08,11,15,16,17,42,43,2023,12,4,144,4,2,4,2
1132,2023-12-10,9,10,11,17,41,44,2023,12,6,132,4,2,4,2
1133,2023-12-13,3,7,11,20,28,44,2023,12,2,113,3,3,4,2
1134,2023-12-15,1,5,10,11,20,40,2023,12,4,87,3,3,5,1
1135,2023-12-17,3,7,18,20,31,33,2023,12,6,112,4,2,4,2
1136,2023-12-20,5,15,16,21,22,32,2023,12,2,111,3,3,5,1
1137,2023-12-22,2,12,14,16,34,38,2023,12,4,116,0,6,4,2
1138,2023-12-24,1,2,5,24,40,43,2023,12,6,115,3,3,3,3
1139,2023-12-27,8,16,23,34,36,39,2023,12,2,156,2,4,2,4
1140,2023-12-29,16,20,22,35,37,39,2023,12,4,169,3,3,3,3
1141,2023-12-31,13,14,23,25,34,44,2023,12,6,153,3,3,2,4
1142,2024-01-03,9,14,19,20,29,40,2024,1,2,131,3,3,4,2
1143,2024-01-05,9,16,29,31,33,42,2024,1,4,160,4,2,2,4
1144,2024-01-07,3,4,15,18,36,45,2024,1,6,121,3,3,4,2
1145,2024-01-10,10,12,18,19,29,43,2024,1,2,131,3,3,4,2
1146,2024-01-12,10,11,20,27,39,43,2024,1,4,150,4,2,3,3
1147,2024-01-14,2,8,19,20,24,42,2024,1,6,115,1,5,4,2
1148,2024-01-17,14,19,21,36,43,44,2024,1,2,177,3,3,3,3
1149,2024-01-19,8,15,20,24,43,44,2024,1,4,154,2,4,3,3
1150,2024-01-21,11,20,22,23,26,31,2024,1,6,133,3,3,3,3
1151,2024-01-24,7,27,30,36,39,45,2024,1,2,184,4,2,1,5
1152,2024-01-26,8,19,22,27,31,35,2024,1,4,142,4,2,3,3
1153,2024-01-28,3,23,25,29,36,41,2024,1,6,157,5,1,1,5
1154,2024-01-31,9,11,15,35,38,41,2024,1,2,149,5,1,3,3
1155,2024-02-02,1,15,29,31,32,34,2024,2,4,142,4,2,2,4
1156,2024-02-04,9,15,21,29,33,39,2024,2,6,146,6,0,3,3
1157,2024-02-07,17,21,24,25,39,42,2024,2,2,168,4,2,2,4
1158,2024-02-11,7,18,31,33,35,41,2024,2,6,165,5,1,2,4
1159,2024-02-14,8,9,11,12,40,44,2024,2,2,124,2,4,4,2
1160,2024-02-16,6,10,16,20,40,42,2024,2,4,134,0,6,4,2
1161,2024-02-18,5,19,20,21,24,40,2024,2,6,129,3,3,4,2
1162,2024-02-21,2,8,14,19,24,42,2024,2,2,109,1,5,4,2
1163,2024-02-23,4,17,19,27,28,36,2024,2,4,131,3,3,3,3
1164,2024-02-25,5,7,10,12,15,26,2024,2,6,75,3,3,5,1
1165,2024-02-28,1,10,21,25,32,39,2024,2,2,128,4,2,3,3
1166,2024-03-01,20,22,24,26,28,37,2024,3,4,157,1,5,2,4
1167,2024-03-03,3,10,17,20,22,27,2024,3,6,99,3,3,5,1
1168,2024-03-06,11,15,34,39,41,43,2024,3,2,183,5,1,2,4
1169,2024-03-08,2,26,28,40,41,45,2024,3,4,182,2,4,1,5
1170,2024-03-10,4,12,19,23,36,41,2024,3,6,135,3,3,3,3
1171,2024-03-13,1,13,25,30,34,40,2024,3,2,143,3,3,2,4
1172,2024-03-15,9,11,16,29,31,33,2024,3,4,129,5,1,3,3
1173,2024-03-17,1,3,5,26,30,42,2024,3,6,107,3,3,3,3
1174,2024-03-20,8,14,26,28,43,45,2024,3,2,164,2,4,2,4
1175,2024-03-22,5,6,11,20,24,45,2024,3,4,111,3,3,4,2
1176,2024-03-24,1,14,22,28,32,42,2024,3,6,139,1,5,3,3
1177,2024-03-27,6,29,31,35,42,44,2024,3,2,187,3,3,1,5
1178,2024-03-29,4,7,25,34,35,38,2024,3,4,143,3,3,2,4
1179,2024-03-31,5,12,13,17,40,41,2024,3,6,128,4,2,4,2
1180,2024-04-03,7,11,14,22,29,34,2024,4,2,117,3,3,4,2
1181,2024-04-05,14,18,22,29,36,37,2024,4,4,156,2,4,3,3
1182,2024-04-07,3,11,15,17,24,35,2024,4,6,105,5,1,4,2
1183,2024-04-10,2,10,30,33,34,40,2024,4,2,149,1,5,2,4
1184,2024-04-12,6,17,18,26,43,45,2024,4,4,155,3,3,3,3
1185,2024-04-14,7,12,16,29,42,45,2024,4,6,151,3,3,3,3
1186,2024-04-17,9,16,26,27,32,41,2024,4,2,151,3,3,2,4
1187,2024-04-19,2,3,20,21,32,33,2024,4,4,111,3,3,4,2
1188,2024-04-21,7,21,36,38,40,45,2024,4,6,187,3,3,2,4
1189,2024-04-24,7,21,30,33,38,39,2024,4,2,168,4,2,2,4
1190,2024-04-26,2,3,25,34,35,38,2024,4,4,137,3,3,2,4
1191,2024-04-28,1,13,14,22,23,37,2024,4,6,110,4,2,4,2
1192,2024-05-01,7,9,17,20,25,29,2024,5,2,107,5,1,4,2
1193,2024-05-03,1,13,14,21,27,43,2024,5,4,119,5,1,4,2
1194,2024-05-05,10,12,14,16,21,39,2024,5,6,112,2,4,5,1
1195,2024-05-08,2,10,13,22,30,34,2024,5,2,111,1,5,4,2
1196,2024-05-10,12,13,31,38,42,43,2024,5,4,179,3,3,2,4
1197,2024-05-12,3,5,6,9,32,45,2024,5,6,100,4,2,4,2
1198,2024-05-15,3,11,13,21,24,34,2024,5,2,106,4,2,4,2
1199,2024-05-17,8,22,27,29,39,43,2024,5,4,168,4,2,2,4
1200,2024-05-19,5,19,25,35,37,39,2024,5,6,160,6,0,2,4
1201,2024-05-22,2,3,10,22,41,43,2024,5,2,121,3,3,4,2
1202,2024-05-24,2,14,15,17,23,40,2024,5,4,111,3,3,4,2
1203,2024-05-26,4,9,11,14,19,27,2024,5,6,84,4,2,5,1
1204,2024-05-29,4,21,25,27,35,39,2024,5,2,151,5,1,2,4
1205,2024-05-31,4,8,15,23,31,40,2024,5,4,121,3,3,3,3
1206,2024-06-02,2,7,13,23,25,45,2024,6,6,115,5,1,3,3
1207,2024-06-05,11,25,28,33,34,45,2024,6,2,176,4,2,1,5
1208,2024-06-07,15,19,24,25,27,39,2024,6,4,149,5,1,2,4
1209,2024-06-09,4,5,28,32,37,42,2024,6,6,148,2,4,2,4
1210,2024-06-12,1,2,8,13,26,34,2024,6,2,84,2,4,4,2
1211,2024-06-14,10,24,25,26,30,41,2024,6,4,156,2,4,1,5
1212,2024-06-16,3,16,17,18,25,37,2024,6,6,116,4,2,4,2
1213,2024-06-19,8,12,17,23,26,27,2024,6,2,113,3,3,3,3
1214,2024-06-21,3,7,11,16,19,35,2024,6,4,91,5,1,5,1
1215,2024-06-23,9,11,19,29,31,44,2024,6,6,143,5,1,3,3
1216,2024-06-26,8,10,29,30,33,40,2024,6,2,150,2,4,2,4
1217,2024-06-28,4,6,16,32,41,44,2024,6,4,143,1,5,3,3
1218,2024-06-30,5,23,25,28,30,43,2024,6,6,154,4,2,1,5
1219,2024-07-03,11,18,24,34,38,43,2024,7,2,168,2,4,2,4
1220,2024-07-05,4,23,33,38,40,44,2024,7,4,182,2,4,1,5
1221,2024-07-07,4,8,22,23,26,45,2024,7,6,128,2,4,3,3
1222,2024-07-10,23,24,36,37,40,45,2024,7,2,205,3,3,0,6
1223,2024-07-12,11,17,25,26,28,29,2024,7,4,136,4,2,2,4
1224,2024-07-14,9,18,33,37,38,43,2024,7,6,178,4,2,2,4
1225,2024-07-17,9,10,11,16,21,30,2024,7,2,97,3,3,5,1
1226,2024-07-19,1,10,20,25,34,35,2024,7,4,125,3,3,3,3
1227,2024-07-21,9,10,23,25,28,38,2024,7,6,133,3,3,2,4
1228,2024-07-24,7,8,20,27,32,34,2024,7,2,128,2,4,3,3
1229,2024-07-26,18,20,28,31,39,45,2024,7,4,181,3,3,2,4
1230,2024-07-28,1,13,21,25,31,39,2024,7,6,130,6,0,3,3
1231,2024-07-31,2,4,12,16,18,42,2024,7,2,94,0,6,5,1
1232,2024-08-02,9,14,19,34,37,41,2024,8,4,154,4,2,3,3
1233,2024-08-04,1,4,16,18,20,32,2024,8,6,91,1,5,5,1
1234,2024-08-07,11,19,22,29,40,44,2024,8,2,165,3,3,3,3
1235,2024-08-09,6,14,15,24,26,39,2024,8,4,124,2,4,3,3
1236,2024-08-11,17,18,19,33,35,37,2024,8,6,159,5,1,3,3
1237,2024-08-14,1,6,9,21,43,44,2024,8,2,124,4,2,4,2
1238,2024-08-16,16,22,23,30,34,41,2024,8,4,166,2,4,2,4
1239,2024-08-18,4,13,28,33,35,38,2024,8,6,151,3,3,2,4
1240,2024-08-21,7,8,9,15,22,30,2024,8,2,91,3,3,5,1
1241,2024-08-23,7,13,26,28,35,41,2024,8,4,150,4,2,2,4
1242,2024-08-25,6,10,15,17,40,42,2024,8,6,130,2,4,4,2
1243,2024-08-28,4,5,17,25,39,41,2024,8,2,131,5,1,3,3
1244,2024-08-30,2,15,19,26,34,36,2024,8,4,132,2,4,3,3
1245,2024-09-01,30,31,33,38,42,43,2024,9,6,217,3,3,0,6
1246,2024-09-04,2,7,15,18,24,33,2024,9,2,99,3,3,4,2
1247,2024-09-06,5,25,28,32,36,41,2024,9,4,167,3,3,1,5
1248,2024-09-08,3,8,10,26,34,37,2024,9,6,118,2,4,3,3
1249,2024-09-11,6,11,19,23,34,37,2024,9,2,130,4,2,3,3
1250,2024-09-13,6,12,27,34,41,42,2024,9,4,162,2,4,2,4
1251,2024-09-15,3,11,28,32,33,35,2024,9,6,142,4,2,2,4
1252,2024-09-18,4,8,27,28,35,36,2024,9,2,138,2,4,2,4
1253,2024-09-20,13,14,19,20,30,33,2024,9,4,129,3,3,4,2
1254,2024-09-22,20,23,28,36,40,42,2024,9,6,189,1,5,1,5
1255,2024-09-25,10,23,25,27,31,37,2024,9,2,153,5,1,1,5
1256,2024-09-27,1,6,18,25,39,44,2024,9,4,133,3,3,3,3
1257,2024-09-29,3,7,16,17,41,42,2024,9,6,126,4,2,4,2
1258,2024-10-02,5,6,11,23,31,36,2024,10,2,112,4,2,3,3
1259,2024-10-04,8,10,21,32,39,44,2024,10,4,154,2,4,3,3
1260,2024-10-06,7,14,33,36,42,43,2024,10,6,175,3,3,2,4
1261,2024-10-09,14,18,20,22,34,45,2024,10,2,153,1,5,4,2
1262,2024-10-11,11,19,26,28,29,43,2024,10,4,156,4,2,2,4
1263,2024-10-13,7,10,13,17,21,45,2024,10,6,113,5,1,5,1
1264,2024-10-16,4,14,19,23,24,37,2024,10,2,121,3,3,3,3
1265,2024-10-18,13,19,20,22,24,37,2024,10,4,135,3,3,4,2
1266,2024-10-20,6,23,24,25,26,34,2024,10,6,138,2,4,1,5
1267,2024-10-23,22,27,28,31,37,44,2024,10,2,189,3,3,1,5
1268,2024-10-25,3,10,31,32,34,40,2024,10,4,150,2,4,2,4
1269,2024-10-27,18,21,28,29,33,45,2024,10,6,174,4,2,2,4
1270,2024-10-30,4,13,20,29,32,37,2024,10,2,135,3,3,3,3
1271,2024-11-01,20,22,23,32,35,40,2024,11,4,172,2,4,2,4
1272,2024-11-03,1,4,5,16,20,22,2024,11,6,68,2,4,6,0
1273,2024-11-06,1,2,3,11,25,37,2024,11,2,79,5,1,4,2
1274,2024-11-08,11,15,18,27,34,37,2024,11,4,142,4,2,3,3
1275,2024-11-10,3,7,11,12,13,40,2024,11,6,86,4,2,5,1
1276,2024-11-13,3,23,28,35,39,42,2024,11,2,170,4,2,1,5
1277,2024-11-15,8,13,31,36,37,40,2024,11,4,165,3,3,2,4
1278,2024-11-17,11,17,29,31,38,42,2024,11,6,168,4,2,2,4
1279,2024-11-20,4,16,24,29,31,37,2024,11,2,141,3,3,2,4
1280,2024-11-22,1,14,15,19,38,40,2024,11,4,127,3,3,4,2
1281,2024-11-24,5,14,15,21,33,36,2024,11,6,124,4,2,4,2
1282,2024-11-27,6,21,24,31,42,44,2024,11,2,168,2,4,2,4
1283,2024-11-29,12,15,33,35,37,45,2024,11,4,177,5,1,2,4
1284,2024-12-01,15,17,25,29,33,35,2024,12,6,154,6,0,2,4
1285,2024-12-04,7,14,19,24,34,36,2024,12,2,134,2,4,3,3
1286,2024-12-06,8,14,18,26,34,42,2024,12,4,142,0,6,3,3
1287,2024-12-08,1,13,24,26,27,37,2024,12,6,128,4,2,2,4
1288,2024-12-11,2,10,17,23,29,33,2024,12,2,114,4,2,3,3
1289,2024-12-13,3,7,29,36,37,44,2024,12,4,156,4,2,2,4
1290,2024-12-15,1,10,20,22,23,36,2024,12,6,112,2,4,4,2
1291,2024-12-18,3,7,12,16,26,34,2024,12,2,98,2,4,4,2
1292,2024-12-20,6,9,12,21,28,33,2024,12,4,109,3,3,4,2
1293,2024-12-22,15,16,24,27,31,44,2024,12,6,157,3,3,2,4
1294,2024-12-25,8,13,20,25,28,39,2024,12,2,133,3,3,3,3
1295,2024-12-27,1,10,13,24,25,33,2024,12,4,106,4,2,3,3
1296,2024-12-29,5,8,19,31,34,43,2024,12,6,140,4,2,3,3
1297,2025-01-01,14,20,25,28,36,40,2025,1,2,163,1,5,2,4
1298,2025-01-03,6,12,21,27,34,41,2025,1,4,141,3,3,3,3
1299,2025-01-05,2,7,15,37,41,42,2025,1,6,144,4,2,3,3
1300,2025-01-08,2,3,17,33,37,38,2025,1,2,130,4,2,3,3
1301,2025-01-10,2,4,8,28,42,44,2025,1,4,128,0,6,3,3
1302,2025-01-12,2,9,12,14,41,44,2025,1,6,122,2,4,4,2
1303,2025-01-15,2,6,8,10,23,33,2025,1,2,82,2,4,4,2
1304,2025-01-17,2,12,22,31,34,35,2025,1,4,136,2,4,3,3
1305,2025-01-19,5,6,10,19,32,38,2025,1,6,110,2,4,4,2
1306,2025-01-22,3,21,26,29,32,33,2025,1,2,144,4,2,2,4
1307,2025-01-24,1,7,11,22,31,34,2025,1,4,106,4,2,4,2
1308,2025-01-26,5,8,9,11,20,29,2025,1,6,82,4,2,5,1
1309,2025-01-31,2,15,16,32,42,45,2025,1,4,152,2,4,3,3
1310,2025-02-02,15,20,22,29,32,36,2025,2,6,154,2,4,3,3
1311,2025-02-05,4,6,9,14,25,41,2025,2,2,99,3,3,4,2
1312,2025-02-07,4,5,25,27,35,39,2025,2,4,135,5,1,2,4
1313,2025-02-09,8,16,22,27,31,34,2025,2,6,138,2,4,3,3
1314,2025-02-12,7,19,31,39,42,43,2025,2,2,181,5,1,2,4
1315,2025-02-14,6,8,10,27,28,32,2025,2,4,111,1,5,3,3
1316,2025-02-16,11,19,26,28,35,40,2025,2,6,159,3,3,2,4
1317,2025-02-19,1,6,10,11,25,29,2025,2,2,82,4,2,4,2
1318,2025-02-21,4,9,19,20,30,42,2025,2,4,124,2,4,4,2
1319,2025-02-23,10,12,15,17,24,33,2025,2,6,111,3,3,4,2
1320,2025-02-26,2,13,15,16,18,20,2025,2,2,84,2,4,6,0
1321,2025-02-28,10,11,14,16,21,29,2025,2,4,101,3,3,5,1
1322,2025-03-02,8,24,30,33,42,45,2025,3,6,182,2,4,1,5
1323,2025-03-05,10,22,32,37,41,43,2025,3,2,185,3,3,2,4
1324,2025-03-07,8,11,12,20,25,32,2025,3,4,108,2,4,4,2
1325,2025-03-09,10,11,30,33,44,45,2025,3,6,173,3,3,2,4
1326,2025-03-12,19,26,30,32,36,42,2025,3,2,185,1,5,1,5
1327,2025-03-14,7,11,13,16,28,30,2025,3,4,105,3,3,4,2
1328,2025-03-16,2,12,14,16,38,45,2025,3,6,127,1,5,4,2
1329,2025-03-19,12,23,27,28,29,43,2025,3,2,162,4,2,1,5
1330,2025-03-21,31,32,34,41,42,45,2025,3,4,225,3,3,0,6
1331,2025-03-23,5,6,8,9,36,45,2025,3,6,109,3,3,4,2
1332,2025-03-26,17,24,25,30,35,39,2025,3,2,170,4,2,1,5
1333,2025-03-28,5,7,22,28,29,34,2025,3,4,125,3,3,3,3
1334,2025-03-30,14,15,33,38,42,45,2025,3,6,187,3,3,2,4
1335,2025-04-02,8,14,15,22,31,34,2025,4,2,124,2,4,4,2
1336,2025-04-04,2,13,24,25,28,38,2025,4,4,130,2,4,2,4
1337,2025-04-06,3,5,6,13,18,22,2025,4,6,67,3,3,6,0
1338,2025-04-09,5,8,11,22,41,44,2025,4,2,131,3,3,4,2
1339,2025-04-11,1,13,14,26,37,43,2025,4,4,134,4,2,3,3
1340,2025-04-13,13,14,18,25,30,32,2025,4,6,132,2,4,3,3
1341,2025-04-16,5,8,12,16,28,32,2025,4,2,101,1,5,4,2
1342,2025-04-18,5,20,21,22,29,44,2025,4,4,141,3,3,4,2
1343,2025-04-20,5,7,14,26,29,44,2025,4,6,125,3,3,3,3
1344,2025-04-23,7,12,23,34,42,43,2025,4,2,161,3,3,2,4
1345,2025-04-25,4,8,9,10,20,34,2025,4,4,85,1,5,5,1
1346,2025-04-27,8,11,31,35,36,45,2025,4,6,166,4,2,2,4
1347,2025-04-30,1,17,26,33,36,44,2025,4,2,157,3,3,2,4
1348,2025-05-02,3,7,32,37,42,45,2025,5,4,166,4,2,2,4
1349,2025-05-04,6,7,8,9,12,29,2025,5,6,71,3,3,5,1
1350,2025-05-07,8,27,28,31,34,40,2025,5,2,168,2,4,1,5
1351,2025-05-09,1,7,9,34,40,42,2025,5,4,133,3,3,3,3
1352,2025-05-11,13,15,17,22,28,43,2025,5,6,138,4,2,4,2
1353,2025-05-14,19,24,27,37,44,45,2025,5,2,196,4,2,1,5
1354,2025-05-16,5,9,14,22,32,44,2025,5,4,126,2,4,4,2
1355,2025-05-18,6,7,17,27,30,42,2025,5,6,129,3,3,3,3
1356,2025-05-21,2,13,14,21,24,30,2025,5,2,104,2,4,4,2
1357,2025-05-23,2,4,15,16,29,43,2025,5,4,109,3,3,4,2
1358,2025-05-25,5,14,23,24,28,44,2025,5,6,138,2,4,2,4
1359,2025-05-28,17,22,23,28,31,41,2025,5,2,162,4,2,2,4
1360,2025-05-30,4,7,12,35,37,41,2025,5,4,136,4,2,3,3
1361,2025-06-01,9,24,29,37,42,44,2025,6,6,185,3,3,1,5
1362,2025-06-04,11,23,26,27,29,32,2025,6,2,148,4,2,1,5
1363,2025-06-06,24,26,35,39,41,45,2025,6,4,210,4,2,0,6
1364,2025-06-08,6,17,18,19,31,37,2025,6,6,128,4,2,4,2
1365,2025-06-11,10,13,22,27,41,45,2025,6,2,158,4,2,3,3
1366,2025-06-13,1,13,19,28,30,36,2025,6,4,127,3,3,3,3
1367,2025-06-15,15,16,22,23,29,32,2025,6,6,137,3,3,3,3
1368,2025-06-18,19,23,24,26,36,41,2025,6,2,169,3,3,1,5
1369,2025-06-20,2,8,18,22,26,29,2025,6,4,105,1,5,4,2
1370,2025-06-22,1,9,14,20,34,41,2025,6,6,119,3,3,4,2
1371,2025-06-25,8,10,26,29,35,39,2025,6,2,147,3,3,2,4
1372,2025-06-27,9,14,26,30,44,45,2025,6,4,168,2,4,2,4
1373,2025-06-29,10,23,25,26,27,28,2025,6,6,139,3,3,1,5
1374,2025-07-02,12,16,21,28,34,41,2025,7,2,152,2,4,3,3
1375,2025-07-04,7,9,21,29,41,45,2025,7,4,152,6,0,3,3
1376,2025-07-06,5,8,13,23,36,45,2025,7,6,130,4,2,3,3
1377,2025-07-09,7,8,30,32,33,44,2025,7,2,154,2,4,2,4
1378,2025-07-11,11,20,22,24,43,45,2025,7,4,165,3,3,3,3
1379,2025-07-13,9,17,22,27,35,36,2025,7,6,146,4,2,3,3
1380,2025-07-16,6,11,14,19,21,42,2025,7,2,113,3,3,5,1
1381,2025-07-18,7,22,24,28,42,45,2025,7,4,168,2,4,2,4
1382,2025-07-20,11,13,14,20,37,42,2025,7,6,137,3,3,4,2
1383,2025-07-23,24,26,29,32,37,44,2025,7,2,192,2,4,0,6
1384,2025-07-25,20,30,34,35,38,39,2025,7,4,196,2,4,1,5
1385,2025-07-27,1,9,12,27,39,45,2025,7,6,133,5,1,3,3
1386,2025-07-30,2,3,6,16,26,34,2025,7,2,87,1,5,4,2
1387,2025-08-01,5,29,30,31,36,38,2025,8,4,169,3,3,1,5
1388,2025-08-03,5,14,24,26,37,43,2025,8,6,149,3,3,2,4
1389,2025-08-06,3,12,14,18,29,34,2025,8,2,110,2,4,4,2
1390,2025-08-08,11,17,20,26,27,38,2025,8,4,139,3,3,3,3
1391,2025-08-10,13,21,26,28,31,35,2025,8,6,154,4,2,2,4
1392,2025-08-13,10,15,28,30,35,45,2025,8,2,163,3,3,2,4
1393,2025-08-15,5,22,27,36,43,45,2025,8,4,178,4,2,2,4
1394,2025-08-17,15,24,26,29,31,42,2025,8,6,167,3,3,1,5
1395,2025-08-20,4,9,27,32,38,42,2025,8,2,152,2,4,2,4
1396,2025-08-22,1,9,10,13,37,39,2025,8,4,109,5,1,4,2
1397,2025-08-24,2,9,20,28,32,43,2025,8,6,134,2,4,3,3
1398,2025-08-27,3,11,18,39,40,42,2025,8,2,153,3,3,3,3
1399,2025-08-29,2,4,10,24,35,36,2025,8,4,111,1,5,3,3
1400,2025-08-31,3,4,14,30,32,38,2025,8,6,121,1,5,3,3
1401,2025-09-03,14,21,23,28,44,45,2025,9,2,175,3,3,2,4
1402,2025-09-05,1,10,20,22,41,43,2025,9,4,137,3,3,4,2
1403,2025-09-07,6,29,30,39,42,44,2025,9,6,190,2,4,1,5
1404,2025-09-10,7,10,18,20,24,36,2025,9,2,115,1,5,4,2
1405,2025-09-12,17,22,24,37,42,43,2025,9,4,185,3,3,2,4
1406,2025-09-14,3,6,9,10,30,37,2025,9,6,95,3,3,4,2
1407,2025-09-17,11,23,25,35,38,45,2025,9,2,177,5,1,1,5
1408,2025-09-19,4,6,17,18,28,41,2025,9,4,114,2,4,4,2
1409,2025-09-21,2,3,6,21,28,38,2025,9,6,98,2,4,4,2
1410,2025-09-24,3,5,17,31,32,40,2025,9,2,128,4,2,3,3
1411,2025-09-26,12,17,19,27,28,36,2025,9,4,139,3,3,3,3
1412,2025-09-28,8,13,18,26,36,39,2025,9,6,140,2,4,3,3
1413,2025-10-01,3,6,7,19,30,35,2025,10,2,100,4,2,4,2
1414,2025-10-03,29,31,32,33,34,35,2025,10,4,194,4,2,0,6
1415,2025-10-05,5,14,22,28,32,39,2025,10,6,140,2,4,3,3
1416,2025-10-08,8,10,11,18,23,32,2025,10,2,102,2,4,4,2
1417,2025-10-10,4,5,25,34,39,43,2025,10,4,150,4,2,2,4
1418,2025-10-12,4,10,16,20,28,34,2025,10,6,112,0,6,4,2
1419,2025-10-15,1,6,18,20,29,40,2025,10,2,114,2,4,4,2
1420,2025-10-17,15,17,18,26,31,42,2025,10,4,149,3,3,3,3
1421,2025-10-19,16,17,25,26,28,37,2025,10,6,149,3,3,2,4
1422,2025-10-22,5,11,12,24,28,44,2025,10,2,124,2,4,3,3
1423,2025-10-24,2,11,24,31,32,38,2025,10,4,138,2,4,2,4
1424,2025-10-26,18,30,34,42,43,45,2025,10,6,212,2,4,1,5
1425,2025-10-29,7,26,35,39,41,42,2025,10,2,190,4,2,1,5
1426,2025-10-31,3,10,31,34,36,43,2025,10,4,157,3,3,2,4
1427,2025-11-02,3,7,12,20,30,44,2025,11,6,116,2,4,4,2
1428,2025-11-05,2,9,18,25,30,31,2025,11,2,115,3,3,3,3
1429,2025-11-07,3,4,20,28,39,42,2025,11,4,136,2,4,3,3
1430,2025-11-09,13,23,27,30,37,43,2025,11,6,173,5,1,1,5
1431,2025-11-12,16,24,29,37,40,44,2025,11,2,190,2,4,1,5
1432,2025-11-14,3,10,15,27,41,42,2025,11,4,138,4,2,3,3
1433,2025-11-16,15,20,31,33,34,45,2025,11,6,178,4,2,2,4
1434,2025-11-19,9,12,19,30,40,43,2025,11,2,153,3,3,3,3
1435,2025-11-21,8,11,18,25,28,35,2025,11,4,125,3,3,3,3
1436,2025-11-23,4,12,19,42,43,44,2025,11,6,164,2,4,3,3
1437,2025-11-26,2,8,15,19,30,38,2025,11,2,112,2,4,4,2
1438,2025-11-28,2,9,17,23,39,41,2025,11,4,131,5,1,3,3
1439,2025-11-30,7,13,26,30,34,42,2025,11,6,152,2,4,2,4
1440,2025-12-03,8,15,20,23,31,34,2025,12,2,131,3,3,3,3
1441,2025-12-05,2,19,23,37,42,43,2025,12,4,166,4,2,2,4
1442,2025-12-07,1,5,23,28,29,43,2025,12,6,129,5,1,2,4
1443,2025-12-10,7,18,22,29,30,36,2025,12,2,142,2,4,3,3
1444,2025-12-12,3,7,13,17,38,44,2025,12,4,122,4,2,4,2
1445,2025-12-14,8,11,13,16,28,32,2025,12,6,108,2,4,4,2
1446,2025-12-17,5,14,24,38,41,43,2025,12,2,165,3,3,2,4
1447,2025-12-19,1,21,36,42,43,44,2025,12,4,187,3,3,2,4
1448,2025-12-21,6,9,12,18,29,43,2025,12,6,117,3,3,4,2
1449,2025-12-24,15,19,31,35,43,45,2025,12,2,188,6,0,2,4
1450,2025-12-26,4,6,16,25,27,40,2025,12,4,118,2,4,3,3
1451,2025-12-28,1,2,7,16,31,37,2025,12,6,94,4,2,4,2
1452,2025-12-31,1,25,35,36,37,45,2025,12,2,179,5,1,1,5
1453,2026-01-02,7,18,22,32,37,38,2026,1,4,154,2,4,3,3
1454,2026-01-04,2,12,21,29,35,44,2026,1,6,143,3,3,3,3
1455,2026-01-07,1,5,7,28,31,43,2026,1,2,115,5,1,3,3
1456,2026-01-09,8,9,17,21,36,45,2026,1,4,136,4,2,4,2
1457,2026-01-11,8,10,21,25,31,38,2026,1,6,133,3,3,3,3
1458,2026-01-14,1,22,23,28,39,45,2026,1,2,158,4,2,2,4
1459,2026-01-16,2,10,21,31,34,40,2026,1,4,138,2,4,3,3
1460,2026-01-18,2,5,15,26,39,42,2026,1,6,129,3,3,3,3
1461,2026-01-21,1,18,23,24,29,37,2026,1,2,132,4,2,2,4
1462,2026-01-23,9,15,16,20,22,31,2026,1,4,113,3,3,5,1
1463,2026-01-25,2,19,20,24,33,34,2026,1,6,132,2,4,3,3
1464,2026-01-28,4,10,16,19,27,40,2026,1,2,116,2,4,4,2
1465,2026-01-30,16,17,30,41,42,45,2026,1,4,191,3,3,2,4
1466,2026-02-01,1,18,21,23,30,36,2026,2,6,129,3,3,3,3
1467,2026-02-04,2,12,14,17,39,43,2026,2,2,127,3,3,4,2
1468,2026-02-06,2,7,13,17,42,45,2026,2,4,126,4,2,4,2
1469,2026-02-08,6,13,16,20,23,38,2026,2,6,116,2,4,4,2
1470,2026-02-11,15,20,35,40,44,45,2026,2,2,199,3,3,2,4
1471,2026-02-13,8,12,31,36,42,43,2026,2,4,172,2,4,2,4
1472,2026-02-15,4,6,7,20,28,43,2026,2,6,108,2,4,4,2
1473,2026-02-18,1,7,19,23,26,44,2026,2,2,120,4,2,3,3
1474,2026-02-20,4,25,28,33,34,45,2026,2,4,169,3,3,1,5
1475,2026-02-22,7,23,24,36,38,40,2026,2,6,168,2,4,1,5
1476,2026-02-25,4,13,20,22,23,29,2026,2,2,111,3,3,4,2
1477,2026-02-27,2,4,8,15,17,28,2026,2,4,74,2,4,5,1
1478,2026-03-01,16,22,23,35,44,45,2026,3,6,185,3,3,2,4
1479,2026-03-04,1,4,6,9,13,44,2026,3,2,77,3,3,5,1
1480,2026-03-06,2,10,12,21,32,37,2026,3,4,114,2,4,4,2
1481,2026-03-08,6,12,13,25,31,32,2026,3,6,119,3,3,3,3
1482,2026-03-11,16,18,19,28,31,44,2026,3,2,156,2,4,3,3
1483,2026-03-13,11,12,20,22,31,33,2026,3,4,129,3,3,4,2
1484,2026-03-15,4,7,11,26,42,44,2026,3,6,134,2,4,3,3
1485,2026-03-18,14,20,33,35,36,44,2026,3,2,182,2,4,2,4
1486,2026-03-20,8,11,22,23,38,43,2026,3,4,145,3,3,3,3
1487,2026-03-22,5,10,22,26,31,36,2026,3,6,130,2,4,3,3
1488,2026-03-25,16,22,24,29,35,36,2026,3,2,162,2,4,2,4
1489,2026-03-27,5,7,13,19,38,45,2026,3,4,127,5,1,4,2
1490,2026-03-29,5,8,18,30,37,45,2026,3,6,143,3,3,3,3
1491,2026-04-01,6,30,34,36,37,44,2026,4,2,187,1,5,1,5
1492,2026-04-03,2,4,23,24,35,41,2026,4,4,129,3,3,2,4
1493,2026-04-05,2,9,23,30,32,42,2026,4,6,138,2,4,2,4
1494,2026-04-08,5,8,23,26,38,41,2026,4,2,141,3,3,2,4
1495,2026-04-10,7,8,10,16,28,35,2026,4,4,104,2,4,4,2
1496,2026-04-12,1,10,11,32,39,42,2026,4,6,135,3,3,3,3
1497,2026-04-15,21,22,33,35,36,43,2026,4,2,190,4,2,2,4
1498,2026-04-17,1,10,19,31,36,38,2026,4,4,135,3,3,3,3
1499,2026-04-19,7,10,15,27,33,35,2026,4,6,127,5,1,3,3
1500,2026-04-22,2,6,15,16,17,37,2026,4,2,93,3,3,5,1
1501,2026-04-24,20,29,33,36,41,42,2026,4,4,201,3,3,1,5
1502,2026-04-26,12,18,22,25,31,41,2026,4,6,149,3,3,3,3
1503,2026-04-29,4,14,15,16,17,25,2026,4,2,91,3,3,5,1
1504,2026-05-01,4,21,25,31,41,43,2026,5,4,165,5,1,2,4
1505,2026-05-03,7,9,14,24,38,39,2026,5,6,131,3,3,3,3
1506,2026-05-06,9,12,28,36,37,40,2026,5,2,162,2,4,2,4
1507,2026-05-08,4,16,17,26,34,42,2026,5,4,139,1,5,3,3
1508,2026-05-10,3,4,10,11,27,42,2026,5,6,97,3,3,4,2
1509,2026-05-13,8,10,15,32,35,43,2026,5,2,143,3,3,3,3
1510,2026-05-15,6,14,20,22,23,44,2026,5,4,129,1,5,4,2
1511,2026-05-17,4,8,13,15,27,31,2026,5,6,98,4,2,4,2
1512,2026-05-20,16,28,29,37,40,45,2026,5,2,195,3,3,1,5
1513,2026-05-22,2,3,14,28,41,44,2026,5,4,132,2,4,3,3
1514,2026-05-24,4,8,9,14,25,42,2026,5,6,102,2,4,4,2
1515,2026-05-27,2,13,17,18,31,37,2026,5,2,118,4,2,4,2
1516,2026-05-29,13,14,24,28,30,42,2026,5,4,151,1,5,2,4
1517,2026-05-31,1,12,16,21,24,41,2026,5,6,115,3,3,4,2
1518,2026-06-03,3,11,26,33,36,38,2026,6,2,147,3,3,2,4
1519,2026-06-05,13,16,19,32,36,39,2026,6,4,155,3,3,3,3
1520,2026-06-07,14,21,26,30,34,35,2026,6,6,160,2,4,2,4
1521,2026-06-10,3,9,17,22,27,32,2026,6,2,110,4,2,4,2
1522,2026-06-12,5,15,30,34,37,38,2026,6,4,159,3,3,2,4
1523,2026-06-14,7,16,20,22,24,38,2026,6,6,127,1,5,4,2
1524,2026-06-17,5,6,16,28,35,39,2026,6,2,129,3,3,3,3
1525,2026-06-19,6,9,19,29,30,36,2026,6,4,129,3,3,3,3
1526,2026-06-21,3,8,19,27,41,45,2026,6,6,143,5,1,3,3
1527,2026-06-24,3,11,17,19,30,32,2026,6,2,112,4,2,4,2
1528,2026-06-26,9,14,31,36,41,45,2026,6,4,176,4,2,2,4
1529,2026-06-28,2,11,18,33,42,45,2026,6,6,151,3,3,3,3
1530,2026-07-01,20,24,25,29,40,44,2026,7,2,182,2,4,1,5
1531,2026-07-03,6,20,21,28,30,39,2026,7,4,144,2,4,3,3
1532,2026-07-05,1,5,13,29,32,35,2026,7,6,115,5,1,3,3
1533,2026-07-08,13,14,22,26,37,44,2026,7,2,156,2,4,3,3
1534,2026-07-10,9,17,23,26,42,44,2026,7,4,161,3,3,2,4
1535,2026-07-12,6,9,11,17,35,44,2026,7,6,122,4,2,4,2
1536,2026-07-15,7,11,29,37,43,45,2026,7,2,172,6,0,2,4
1537,2026-07-17,9,18,30,31,39,45,2026,7,4,172,4,2,2,4
1538,2026-07-19,12,22,24,26,31,37,2026,7,6,152,2,4,2,4
1539,2026-07-22,3,32,33,34,39,43,2026,7,2,184,4,2,1,5
1540,2026-07-24,12,16,36,38,41,45,2026,7,4,188,2,4,2,4
1541,2026-07-26,13,16,27,33,41,44,2026,7,6,174,4,2,2,4
1542,2026-07-29,2,6,21,31,36,45,2026,7,2,141,3,3,3,3
1543,2026-07-31,6,16,24,25,38,43,2026,7,4,152,2,4,2,4
1544,2026-08-02,3,12,20,25,27,37,2026,8,6,124,4,2,3,3
1545,2026-08-05,2,6,11,16,28,39,2026,8,2,102,2,4,4,2
1546,2026-08-07,2,8,19,30,36,43,2026,8,4,138,2,4,3,3
1547,2026-08-09,3,17,20,27,31,35,2026,8,6,133,5,1,3,3
1548,2026-08-12,15,17,22,29,33,40,2026,8,2,156,4,2,3,3
1549,2026-08-14,7,9,13,31,35,44,2026,8,4,139,5,1,3,3
1550,2026-08-16,6,7,15,19,36,41,2026,8,6,124,4,2,4,2
1551,2026-08-19,6,15,18,33,40,43,2026,8,2,155,3,3,3,3
1552,2026-08-21,7,26,31,38,43,45,2026,8,4,190,4,2,1,5
1553,2026-08-23,4,16,17,22,32,39,2026,8,6,130,2,4,4,2
1554,2026-08-26,3,10,11,16,33,40,2026,8,2,113,3,3,4,2
1555,2026-08-28,3,13,15,22,36,39,2026,8,4,128,4,2,4,2
1556,2026-08-30,1,3,12,15,37,45,2026,8,6,113,5,1,4,2
1557,2026-09-02,6,9,27,29,35,44,2026,9,2,150,4,2,2,4
1558,2026-09-04,16,21,23,29,34,45,2026,9,4,168,4,2,2,4
1559,2026-09-06,9,14,22,26,27,40,2026,9,6,138,2,4,3,3
1560,2026-09-09,12,17,20,21,36,43,2026,9,2,149,3,3,4,2
1561,2026-09-11,14,18,20,21,26,27,2026,9,4,126,2,4,4,2
1562,2026-09-13,4,12,31,34,38,41,2026,9,6,160,2,4,2,4
1563,2026-09-16,1,3,10,11,18,23,2026,9,2,66,4,2,5,1
1564,2026-09-18,7,12,26,27,41,43,2026,9,4,156,4,2,2,4
1565,2026-09-20,10,15,16,27,33,38,2026,9,6,139,3,3,3,3
1566,2026-09-23,2,6,12,15,25,26,2026,9,2,86,2,4,4,2
1567,2026-09-25,3,15,18,28,33,36,2026,9,4,133,3,3,3,3
1568,2026-09-27,2,4,13,25,31,39,2026,9,6,114,4,2,3,3
1569,2026-09-30,2,9,24,27,30,33,2026,9,2,125,3,3,2,4
1570,2026-10-02,1,6,20,27,31,41,2026,10,4,126,4,2,3,3
1571,2026-10-04,15,20,29,37,40,45,2026,10,6,186,4,2,2,4
