draw_id,date,n1,n2,n3,n4,n5,n6
00001,20/07/2016,02,17,33,37,38,45
00002,22/07/2016,03,04,14,20,25,35
00003,24/07/2016,01,10,16,18,23,38
00004,27/07/2016,14,17,21,25,31,37
00005,29/07/2016,03,08,13,20,30,36
00006,31/07/2016,02,06,19,21,35,39
00007,03/08/2016,07,10,25,27,29,40
00008,05/08/2016,03,09,13,18,24,31
00009,07/08/2016,03,05,17,22,30,31
00010,10/08/2016,06,15,16,19,27,30
00011,12/08/2016,28,31,34,37,38,41
00012,14/08/2016,13,16,17,29,31,37
00013,17/08/2016,02,04,09,19,21,26
00014,19/08/2016,11,12,17,33,34,36
00015,21/08/2016,13,21,24,25,29,44
00016,24/08/2016,08,17,21,23,36,40
00017,26/08/2016,10,36,39,43,44,45
00018,28/08/2016,04,06,10,15,16,44
00019,31/08/2016,08,20,21,31,34,39
00020,02/09/2016,09,13,24,35,36,41
00021,04/09/2016,11,15,20,24,27,45
00022,07/09/2016,06,08,12,13,15,19
00023,09/09/2016,07,13,16,18,31,32
00024,11/09/2016,06,09,10,18,20,31
00025,14/09/2016,02,11,14,23,25,32
00026,16/09/2016,04,05,06,23,31,34
00027,18/09/2016,07,10,17,20,25,32
00028,21/09/2016,05,12,15,30,37,41
00029,23/09/2016,08,14,19,29,30,40
00030,25/09/2016,01,20,28,32,42,44
00031,28/09/2016,03,06,17,21,32,40
00032,30/09/2016,06,20,30,38,40,45
00033,02/10/2016,16,23,27,34,35,38
00034,05/10/2016,05,06,19,31,42,44
00035,07/10/2016,24,25,27,34,44,45
00036,09/10/2016,02,15,20,32,33,44
00037,12/10/2016,02,08,15,16,19,25
00038,14/10/2016,03,07,09,18,28,39
00039,16/10/2016,05,21,31,33,38,42
00040,19/10/2016,02,13,15,17,18,41
00041,21/10/2016,16,17,30,32,34,38
00042,23/10/2016,02,05,12,21,22,40
00043,26/10/2016,01,08,16,18,21,28
00044,28/10/2016,10,11,13,14,16,38
00045,30/10/2016,07,12,25,28,40,44
00046,02/11/2016,03,05,08,10,13,22
00047,04/11/2016,05,13,22,24,28,32
00048,06/11/2016,04,15,16,20,26,41
00049,09/11/2016,02,10,14,24,25,30
00050,11/11/2016,10,17,22,23,30,36
00051,13/11/2016,11,23,25,34,36,45
00052,16/11/2016,01,09,17,28,43,44
00053,18/11/2016,11,12,16,24,26,31
00054,20/11/2016,09,23,33,38,41,42
00055,23/11/2016,02,22,23,24,28,37
00056,25/11/2016,03,04,25,31,37,40
00057,27/11/2016,12,16,17,18,22,30
00058,30/11/2016,06,15,17,20,23,41
00059,02/12/2016,17,26,33,34,37,42
00060,04/12/2016,03,05,13,27,38,44
00061,07/12/2016,13,23,27,28,32,45
00062,09/12/2016,11,12,15,17,21,26
00063,11/12/2016,02,03,04,05,22,24
00064,14/12/2016,05,06,12,16,26,30
00065,16/12/2016,05,08,33,34,39,44
00066,18/12/2016,03,07,30,32,41,43
00067,21/12/2016,03,06,12,14,18,40
00068,23/12/2016,01,17,24,25,37,43
00069,25/12/2016,05,12,20,29,34,36
00070,28/12/2016,02,22,25,33,38,43
00071,30/12/2016,07,23,27,29,35,37
00072,01/01/2017,09,18,24,33,36,39
00073,04/01/2017,04,19,25,27,29,31
00074,06/01/2017,22,30,34,36,43,45
00075,08/01/2017,12,18,29,32,39,45
00076,11/01/2017,02,08,21,29,37,45
00077,13/01/2017,12,24,29,32,37,39
00078,15/01/2017,05,25,27,29,31,43
00079,18/01/2017,11,22,26,28,35,43
00080,20/01/2017,01,11,31,32,34,37
00081,22/01/2017,01,20,21,22,26,29
00082,25/01/2017,06,09,14,18,28,30
00083,29/01/2017,05,13,21,27,29,45
00084,01/02/2017,02,10,11,18,22,33
00085,03/02/2017,08,17,31,32,33,39
00086,05/02/2017,01,11,26,29,34,40
00087,08/02/2017,15,26,29,32,34,38
00088,10/02/2017,02,06,10,13,20,28
00089,12/02/2017,04,06,12,21,23,28
00090,15/02/2017,04,16,19,27,29,30
00091,17/02/2017,12,15,25,27,37,41
00092,19/02/2017,01,17,24,25,33,35
00093,22/02/2017,01,03,08,18,28,42
00094,24/02/2017,02,04,19,23,44,45
00095,26/02/2017,07,11,16,19,38,39
00096,01/03/2017,03,04,26,30,35,44
00097,03/03/2017,02,04,13,22,23,41
00098,05/03/2017,18,21,24,26,39,45
00099,08/03/2017,05,11,14,20,32,42
00100,10/03/2017,04,09,21,27,38,44
00101,12/03/2017,06,11,30,32,35,42
00102,15/03/2017,03,09,10,31,32,40
00103,17/03/2017,07,12,24,43,44,45
00104,19/03/2017,01,02,06,12,31,36
00105,22/03/2017,01,09,24,28,33,36
00106,24/03/2017,10,14,30,32,37,42
00107,26/03/2017,06,12,23,25,29,43
00108,29/03/2017,04,05,24,26,28,37
00109,31/03/2017,01,04,05,11,20,30
00110,02/04/2017,03,05,07,12,27,33
00111,05/04/2017,13,14,20,21,23,33
00112,07/04/2017,04,05,16,17,32,40
00113,09/04/2017,05,08,21,25,26,37
00114,12/04/2017,02,03,08,13,19,41
00115,14/04/2017,04,05,10,33,36,38
00116,16/04/2017,06,07,18,29,32,44
00117,19/04/2017,19,20,32,33,38,44
00118,21/04/2017,07,08,15,30,32,39
00119,23/04/2017,13,17,22,30,31,43
00120,26/04/2017,14,16,17,20,35,39
00121,28/04/2017,02,09,11,12,15,23
00122,30/04/2017,02,06,08,11,12,25
00123,03/05/2017,03,19,20,21,25,45
00124,05/05/2017,04,09,12,32,36,43
00125,07/05/2017,01,07,28,32,44,45
00126,10/05/2017,07,17,21,29,40,44
00127,12/05/2017,01,27,35,42,43,45
00128,14/05/2017,13,15,17,21,25,40
00129,17/05/2017,07,08,11,18,23,42
00130,19/05/2017,01,08,18,28,30,33
00131,21/05/2017,11,14,17,22,27,42
00132,24/05/2017,08,20,25,27,30,33
00133,26/05/2017,06,08,25,39,40,45
00134,28/05/2017,02,07,17,24,31,44
00135,31/05/2017,07,13,16,30,37,44
00136,02/06/2017,05,13,16,32,39,41
00137,04/06/2017,01,09,23,32,34,35
00138,07/06/2017,05,06,13,29,35,44
00139,09/06/2017,07,15,19,24,32,42
00140,11/06/2017,05,06,11,14,32,33
00141,14/06/2017,05,08,15,25,31,35
00142,16/06/2017,06,10,17,21,27,38
00143,18/06/2017,02,08,12,14,16,26
00144,21/06/2017,09,26,29,30,35,37
00145,23/06/2017,09,10,21,37,40,42
00146,25/06/2017,03,14,33,38,42,44
00147,28/06/2017,02,06,21,28,39,40
00148,30/06/2017,01,07,10,38,40,42
00149,02/07/2017,01,05,07,16,19,44
00150,05/07/2017,01,04,16,31,37,40
00151,07/07/2017,04,19,22,30,34,35
00152,09/07/2017,01,09,14,18,25,28
00153,12/07/2017,05,09,14,15,26,42
00154,14/07/2017,02,13,19,24,25,33
00155,16/07/2017,02,10,27,29,37,39
00156,19/07/2017,04,07,13,20,35,44
00157,21/07/2017,05,06,09,15,19,32
00158,23/07/2017,07,09,13,21,28,39
00159,26/07/2017,09,26,27,30,40,44
00160,28/07/2017,01,04,09,26,35,39
00161,30/07/2017,08,17,24,35,41,44
00162,02/08/2017,07,10,17,26,28,43
00163,04/08/2017,03,12,13,23,26,37
00164,06/08/2017,02,09,10,11,21,43
00165,09/08/2017,11,19,22,24,25,31
00166,11/08/2017,01,12,19,35,36,41
00167,13/08/2017,01,03,06,07,16,18
00168,16/08/2017,06,11,15,19,22,41
00169,18/08/2017,03,04,18,22,34,37
00170,20/08/2017,05,15,18,21,37,45
00171,23/08/2017,06,25,27,34,42,43
00172,25/08/2017,02,07,12,27,40,44
00173,27/08/2017,03,07,16,32,36,39
00174,30/08/2017,05,08,11,28,35,41
00175,01/09/2017,09,10,13,19,23,41
00176,03/09/2017,05,06,26,28,35,43
00177,06/09/2017,05,20,24,32,36,42
00178,08/09/2017,02,15,17,32,41,44
00179,10/09/2017,01,22,23,35,36,42
00180,13/09/2017,03,08,19,35,38,40
00181,15/09/2017,03,24,35,37,40,43
00182,17/09/2017,06,11,15,16,37,40
00183,20/09/2017,05,07,13,17,23,33
00184,22/09/2017,05,16,21,31,37,41
00185,24/09/2017,04,10,11,31,36,39
00186,27/09/2017,10,19,33,34,35,45
00187,29/09/2017,23,28,30,35,37,42
00188,01/10/2017,08,23,27,36,37,43
00189,04/10/2017,04,05,09,19,37,44
00190,06/10/2017,04,06,18,20,30,45
00191,08/10/2017,08,16,24,27,35,39
00192,11/10/2017,04,11,14,15,19,26
00193,13/10/2017,10,13,20,21,25,36
00194,15/10/2017,02,09,14,21,35,40
00195,18/10/2017,16,24,32,36,37,40
00196,20/10/2017,02,18,25,33,36,42
00197,22/10/2017,08,14,16,17,31,42
00198,25/10/2017,12,17,23,25,34,38
00199,27/10/2017,04,10,13,21,22,38
00200,29/10/2017,01,05,28,31,44,45
00201,01/11/2017,04,12,25,39,42,44
00202,03/11/2017,07,17,20,22,29,44
00203,05/11/2017,03,17,38,39,41,44
00204,08/11/2017,01,18,23,24,40,41
00205,10/11/2017,01,04,19,21,24,35
00206,12/11/2017,22,26,37,40,42,44
00207,15/11/2017,01,09,15,27,33,43
00208,17/11/2017,11,13,18,19,31,45
00209,19/11/2017,14,20,30,33,41,43
00210,22/11/2017,05,06,09,23,27,35
00211,24/11/2017,14,24,32,34,36,45
00212,26/11/2017,04,12,17,19,23,34
00213,29/11/2017,19,23,26,37,38,41
00214,01/12/2017,10,19,30,35,39,45
00215,03/12/2017,08,09,15,18,27,30
00216,06/12/2017,03,07,29,31,34,43
00217,08/12/2017,02,11,15,32,40,44
00218,10/12/2017,27,36,39,43,44,45
00219,13/12/2017,04,07,19,24,32,38
00220,15/12/2017,13,14,17,24,28,43
00221,17/12/2017,04,07,16,27,40,41
00222,20/12/2017,03,08,25,37,40,42
00223,22/12/2017,09,13,17,22,26,33
00224,24/12/2017,01,05,09,14,30,31
00225,27/12/2017,09,13,19,21,27,30
00226,29/12/2017,02,08,17,20,29,39
00227,31/12/2017,03,13,14,26,30,34
00228,03/01/2018,08,14,19,30,33,35
00229,05/01/2018,19,30,34,38,42,44
00230,07/01/2018,04,06,11,13,24,31
00231,10/01/2018,06,18,21,22,37,45
00232,12/01/2018,04,08,17,23,27,34
00233,14/01/2018,01,06,10,29,32,41
00234,17/01/2018,09,10,12,22,27,41
00235,19/01/2018,02,04,27,28,31,36
00236,21/01/2018,01,10,11,24,32,37
00237,24/01/2018,05,06,24,33,42,45
00238,26/01/2018,01,09,18,28,36,44
00239,28/01/2018,12,26,27,33,36,37
00240,31/01/2018,04,07,09,10,30,40
00241,02/02/2018,02,07,14,28,42,45
00242,04/02/2018,01,05,13,27,40,45
00243,07/02/2018,05,07,18,26,30,36
00244,09/02/2018,02,10,14,19,23,37
00245,11/02/2018,05,19,27,32,41,45
00246,14/02/2018,12,31,32,34,35,43
00247,18/02/2018,01,05,14,16,36,38
00248,21/02/2018,18,23,24,26,29,33
00249,23/02/2018,05,16,19,23,29,37
00250,25/02/2018,08,10,12,29,30,42
00251,28/02/2018,17,19,21,23,36,40
00252,02/03/2018,03,07,15,27,41,45
00253,04/03/2018,04,11,19,25,32,40
00254,07/03/2018,08,19,25,31,37,40
00255,09/03/2018,05,10,13,19,25,44
00256,11/03/2018,01,14,19,26,41,42
00257,14/03/2018,12,21,23,27,31,34
00258,16/03/2018,06,08,13,17,20,34
00259,18/03/2018,14,21,24,28,31,40
00260,21/03/2018,06,19,38,40,41,44
00261,23/03/2018,03,06,12,22,26,35
00262,25/03/2018,04,10,13,22,38,42
00263,28/03/2018,12,18,31,34,35,42
00264,30/03/2018,07,11,18,28,34,43
00265,01/04/2018,04,12,24,33,39,43
00266,04/04/2018,02,03,06,16,41,44
00267,06/04/2018,01,07,08,09,36,40
00268,08/04/2018,02,05,11,16,30,34
00269,11/04/2018,07,20,23,25,26,39
00270,13/04/2018,11,22,24,33,38,43
00271,15/04/2018,03,09,13,20,30,34
00272,18/04/2018,06,16,28,29,39,44
00273,20/04/2018,06,09,14,30,33,42
00274,22/04/2018,06,07,22,32,36,39
00275,25/04/2018,04,15,17,23,29,43
00276,27/04/2018,10,20,24,27,28,29
00277,29/04/2018,03,10,22,23,25,43
00278,02/05/2018,10,11,22,29,37,40
00279,04/05/2018,09,18,25,26,27,29
00280,06/05/2018,11,26,28,34,36,37
00281,09/05/2018,09,15,20,30,31,33
00282,11/05/2018,10,11,26,29,33,38
00283,13/05/2018,06,11,16,18,27,41
00284,16/05/2018,10,21,23,25,35,38
00285,18/05/2018,03,18,24,29,30,35
00286,20/05/2018,18,19,25,26,29,39
00287,23/05/2018,13,16,25,34,37,41
00288,25/05/2018,05,14,22,26,29,39
00289,27/05/2018,05,09,17,18,19,22
00290,30/05/2018,02,17,19,27,31,36
00291,01/06/2018,06,14,19,38,43,44
00292,03/06/2018,18,20,24,40,42,45
00293,06/06/2018,06,20,22,26,43,44
00294,08/06/2018,04,13,32,35,40,42
00295,10/06/2018,22,25,35,36,38,39
00296,13/06/2018,02,04,17,24,31,40
00297,15/06/2018,08,11,13,23,24,28
00298,17/06/2018,03,05,06,07,34,40
00299,20/06/2018,02,18,22,30,32,43
00300,22/06/2018,15,19,20,26,34,39
00301,24/06/2018,06,08,23,32,33,41
00302,27/06/2018,25,27,29,33,37,38
00303,29/06/2018,06,18,22,24,36,39
00304,01/07/2018,04,07,15,28,34,37
00305,04/07/2018,02,03,27,28,34,43
00306,06/07/2018,22,26,33,34,38,42
00307,08/07/2018,02,07,08,10,28,44
00308,11/07/2018,12,26,28,29,39,43
00309,13/07/2018,03,08,09,25,27,28
00310,15/07/2018,07,15,20,29,31,38
00311,18/07/2018,08,10,14,19,26,34
00312,20/07/2018,13,14,16,19,20,23
00313,22/07/2018,08,09,24,27,40,45
00314,25/07/2018,09,16,18,38,41,45
00315,27/07/2018,02,21,32,37,38,42
00316,29/07/2018,26,31,32,37,43,45
00317,01/08/2018,05,06,29,30,37,38
00318,03/08/2018,03,08,10,24,27,28
00319,05/08/2018,07,10,18,31,39,43
00320,08/08/2018,19,34,37,39,41,44
00321,10/08/2018,18,22,24,29,41,45
00322,12/08/2018,05,16,17,28,31,38
00323,15/08/2018,12,24,25,33,40,44
00324,17/08/2018,03,08,22,28,33,42
00325,19/08/2018,16,18,28,36,37,45
00326,22/08/2018,15,17,18,33,34,44
00327,24/08/2018,03,22,25,29,33,40
00328,26/08/2018,01,03,11,12,22,36
00329,29/08/2018,16,17,24,28,30,36
00330,31/08/2018,11,19,30,36,38,40
00331,02/09/2018,10,12,13,22,26,40
00332,05/09/2018,05,06,22,27,34,37
00333,07/09/2018,08,10,11,28,42,45
00334,09/09/2018,08,14,18,21,44,45
00335,12/09/2018,11,12,13,16,29,31
00336,14/09/2018,12,16,17,18,26,34
00337,16/09/2018,03,13,17,18,23,34
00338,19/09/2018,10,20,22,24,27,42
00339,21/09/2018,01,03,11,14,23,29
00340,23/09/2018,18,27,32,35,41,44
00341,26/09/2018,12,19,27,39,42,45
00342,28/09/2018,02,06,11,13,15,38
00343,30/09/2018,01,20,24,36,43,45
00344,03/10/2018,06,12,19,21,25,45
00345,05/10/2018,04,12,17,29,35,44
00346,07/10/2018,14,18,31,34,39,44
00347,10/10/2018,18,19,22,28,41,42
00348,12/10/2018,11,12,20,26,28,42
00349,14/10/2018,07,08,09,34,40,43
00350,17/10/2018,01,12,14,36,39,43
00351,19/10/2018,02,14,30,38,39,45
00352,21/10/2018,06,22,24,28,30,37
00353,24/10/2018,06,26,34,35,39,42
00354,26/10/2018,02,18,31,33,36,41
00355,28/10/2018,09,18,19,20,31,45
00356,31/10/2018,17,22,26,30,33,35
00357,02/11/2018,04,06,11,18,24,25
00358,04/11/2018,07,12,13,17,25,30
00359,07/11/2018,06,18,22,25,31,37
00360,09/11/2018,06,18,28,32,34,35
00361,11/11/2018,20,23,26,27,32,34
00362,14/11/2018,12,14,24,26,30,40
00363,16/11/2018,04,12,18,21,25,41
00364,18/11/2018,06,27,28,30,37,44
00365,21/11/2018,07,09,16,19,24,33
00366,23/11/2018,08,10,12,21,25,40
00367,25/11/2018,03,05,11,18,24,29
00368,28/11/2018,08,13,20,21,25,28
00369,30/11/2018,11,18,23,25,28,35
00370,02/12/2018,02,04,12,23,37,45
00371,05/12/2018,07,28,29,39,42,45
00372,07/12/2018,01,06,07,22,31,39
00373,09/12/2018,06,08,26,34,40,41
00374,12/12/2018,01,03,11,15,27,30
00375,14/12/2018,07,16,20,26,30,34
00376,16/12/2018,01,14,22,26,35,42
00377,19/12/2018,02,10,11,32,40,44
00378,21/12/2018,01,07,16,27,29,34
00379,23/12/2018,01,03,10,11,16,44
00380,26/12/2018,21,28,34,35,41,44
00381,28/12/2018,03,22,24,25,31,37
00382,30/12/2018,10,19,31,35,42,44
00383,02/01/2019,04,14,32,35,36,40
00384,04/01/2019,01,08,14,16,19,22
00385,06/01/2019,09,22,33,34,35,44
00386,09/01/2019,17,27,28,30,33,41
00387,11/01/2019,19,21,22,23,25,44
00388,13/01/2019,01,20,21,23,26,33
00389,16/01/2019,01,08,14,24,31,40
00390,18/01/2019,12,15,19,38,40,45
00391,20/01/2019,08,16,21,31,35,38
00392,23/01/2019,02,09,13,29,33,40
00393,25/01/2019,11,13,14,22,30,38
00394,27/01/2019,09,11,12,22,27,29
00395,30/01/2019,01,04,06,13,37,41
00396,01/02/2019,03,04,06,38,39,43
00397,03/02/2019,01,02,05,09,23,24
00398,06/02/2019,22,24,25,30,33,38
00399,08/02/2019,11,12,33,36,39,43
00400,10/02/2019,01,11,17,25,29,35
00401,13/02/2019,05,11,18,33,37,41
00402,15/02/2019,03,22,26,27,30,44
00403,17/02/2019,11,12,14,25,29,31
00404,20/02/2019,01,10,15,24,37,45
00405,22/02/2019,07,10,18,25,44,45
00406,24/02/2019,01,07,13,23,32,42
00407,27/02/2019,05,12,15,16,25,35
00408,01/03/2019,15,23,29,31,38,43
00409,03/03/2019,01,13,17,20,30,45
00410,06/03/2019,02,07,14,24,40,41
00411,08/03/2019,04,14,20,27,32,43
00412,10/03/2019,05,24,31,32,42,45
00413,13/03/2019,05,16,24,26,34,44
00414,15/03/2019,05,10,15,19,38,42
00415,17/03/2019,05,06,16,18,24,42
00416,20/03/2019,02,07,17,24,29,37
00417,22/03/2019,01,03,06,13,18,41
00418,24/03/2019,05,17,21,27,34,40
00419,27/03/2019,09,12,22,24,30,42
00420,29/03/2019,02,19,26,27,30,37
00421,31/03/2019,03,05,19,28,31,38
00422,03/04/2019,04,11,18,33,34,45
00423,05/04/2019,02,07,25,36,38,43
00424,07/04/2019,08,10,26,28,32,34
00425,10/04/2019,07,11,14,30,35,42
00426,12/04/2019,03,12,15,16,17,44
00427,14/04/2019,04,13,20,34,35,37
00428,17/04/2019,07,11,21,25,30,44
00429,19/04/2019,01,04,05,12,17,21
00430,21/04/2019,08,11,13,20,41,43
00431,24/04/2019,04,07,12,13,20,45
00432,26/04/2019,01,02,14,15,16,30
00433,28/04/2019,04,24,28,30,33,43
00434,01/05/2019,18,23,24,27,33,41
00435,03/05/2019,01,06,14,31,35,44
00436,05/05/2019,13,27,30,38,39,41
00437,08/05/2019,01,07,08,31,34,45
00438,10/05/2019,05,23,25,30,35,38
00439,12/05/2019,01,08,13,17,21,43
00440,15/05/2019,17,28,29,33,34,35
00441,17/05/2019,06,16,18,29,39,43
00442,19/05/2019,02,11,19,27,30,42
00443,22/05/2019,01,13,16,22,23,35
00444,24/05/2019,02,03,31,33,35,40
00445,26/05/2019,11,12,14,23,29,32
00446,29/05/2019,12,18,19,27,35,42
00447,31/05/2019,05,06,07,12,23,30
00448,02/06/2019,02,05,12,35,41,43
00449,05/06/2019,04,08,22,25,37,39
00450,07/06/2019,11,13,15,26,27,41
00451,09/06/2019,02,06,22,25,35,36
00452,12/06/2019,10,11,21,23,26,37
00453,14/06/2019,02,12,16,36,37,45
00454,16/06/2019,06,07,19,29,31,36
00455,19/06/2019,02,04,11,15,35,40
00456,21/06/2019,01,04,19,21,23,39
00457,23/06/2019,03,08,11,27,32,36
00458,26/06/2019,01,05,09,10,33,41
00459,28/06/2019,11,25,37,40,41,45
00460,30/06/2019,05,20,22,25,28,32
00461,03/07/2019,02,07,25,29,39,45
00462,05/07/2019,19,21,30,31,37,43
00463,07/07/2019,02,18,21,23,30,31
00464,10/07/2019,01,02,06,07,16,27
00465,12/07/2019,16,18,24,26,40,44
00466,14/07/2019,02,03,07,25,33,34
00467,17/07/2019,10,11,16,22,28,35
00468,19/07/2019,09,12,23,26,28,43
00469,21/07/2019,07,08,10,24,33,44
00470,24/07/2019,20,22,25,39,44,45
00471,26/07/2019,05,14,16,22,25,33
00472,28/07/2019,05,14,16,24,42,43
00473,31/07/2019,06,12,15,19,25,45
00474,02/08/2019,11,18,20,22,25,26
00475,04/08/2019,06,10,21,30,43,45
00476,07/08/2019,01,05,13,31,32,43
00477,09/08/2019,11,19,26,28,30,42
00478,11/08/2019,01,04,07,09,25,31
00479,14/08/2019,13,20,22,24,33,34
00480,16/08/2019,06,14,15,19,31,39
00481,18/08/2019,02,07,18,21,24,33
00482,21/08/2019,06,08,17,20,21,31
00483,23/08/2019,06,07,12,17,19,24
00484,25/08/2019,07,08,15,20,24,31
00485,28/08/2019,01,04,12,14,19,30
00486,30/08/2019,05,06,22,23,25,44
00487,01/09/2019,05,07,14,16,29,40
00488,04/09/2019,01,09,11,23,30,37
00489,06/09/2019,02,04,13,15,26,31
00490,08/09/2019,06,09,11,26,28,36
00491,11/09/2019,21,25,29,32,34,35
00492,13/09/2019,02,15,17,25,30,38
00493,15/09/2019,08,09,28,33,35,43
00494,18/09/2019,03,09,13,17,19,20
00495,20/09/2019,07,12,24,29,31,45
00496,22/09/2019,03,06,21,36,38,39
00497,25/09/2019,09,14,22,26,44,45
00498,27/09/2019,06,09,11,28,37,44
00499,29/09/2019,02,09,12,18,21,23
00500,02/10/2019,02,06,07,25,28,41
00501,04/10/2019,02,09,24,25,30,36
00502,06/10/2019,01,06,17,30,44,45
00503,09/10/2019,03,12,21,24,28,32
00504,11/10/2019,06,12,14,27,28,36
00505,13/10/2019,06,22,28,31,37,40
00506,16/10/2019,01,04,23,28,41,42
00507,18/10/2019,04,14,15,22,28,39
00508,20/10/2019,01,03,08,15,38,40
00509,23/10/2019,02,09,21,23,32,41
00510,25/10/2019,04,07,09,22,32,37
00511,27/10/2019,01,19,29,30,40,42
00512,30/10/2019,02,05,08,12,29,38
00513,01/11/2019,06,11,20,30,37,40
00514,03/11/2019,28,30,32,38,44,45
00515,06/11/2019,03,15,22,23,38,43
00516,08/11/2019,04,16,19,30,32,44
00517,10/11/2019,04,14,21,28,32,36
00518,13/11/2019,17,19,24,30,31,40
00519,15/11/2019,02,13,27,33,40,41
00520,17/11/2019,06,07,14,31,39,44
00521,20/11/2019,10,21,22,24,43,44
00522,22/11/2019,01,09,10,19,30,38
00523,24/11/2019,05,21,24,28,29,34
00524,27/11/2019,03,05,13,19,20,33
00525,29/11/2019,14,15,16,17,19,34
00526,01/12/2019,03,14,16,27,31,35
00527,04/12/2019,16,19,24,30,32,35
00528,06/12/2019,02,20,26,35,43,45
00529,08/12/2019,12,20,30,31,34,44
00530,11/12/2019,01,02,08,27,29,39
00531,13/12/2019,02,08,09,25,26,40
00532,15/12/2019,03,13,15,16,22,36
00533,18/12/2019,08,09,12,19,22,25
00534,20/12/2019,01,09,16,27,38,45
00535,22/12/2019,09,10,11,18,22,36
00536,25/12/2019,10,18,25,26,36,43
00537,27/12/2019,02,07,10,12,33,43
00538,29/12/2019,07,12,21,24,35,43
00539,01/01/2020,08,10,23,26,37,38
00540,03/01/2020,01,15,17,26,32,44
00541,05/01/2020,05,11,12,26,44,45
00542,08/01/2020,02,04,10,21,25,43
00543,10/01/2020,10,18,24,35,41,43
00544,12/01/2020,07,12,17,21,35,45
00545,15/01/2020,02,08,19,31,38,44
00546,17/01/2020,08,26,28,37,40,42
00547,19/01/2020,01,04,19,25,35,39
00548,22/01/2020,01,15,16,34,36,42
00549,26/01/2020,04,05,09,25,33,37
00550,29/01/2020,03,10,16,24,39,44
00551,31/01/2020,08,09,20,25,30,40
00552,02/02/2020,01,04,16,32,35,38
00553,05/02/2020,09,19,24,37,38,45
00554,07/02/2020,06,11,15,33,40,44
00555,09/02/2020,01,04,18,22,26,35
00556,12/02/2020,05,13,16,20,24,35
00557,14/02/2020,04,14,24,32,36,43
00558,16/02/2020,01,04,14,36,37,41
00559,19/02/2020,01,16,23,25,30,38
00560,21/02/2020,13,15,22,28,29,41
00561,23/02/2020,01,06,16,23,34,42
00562,26/02/2020,02,10,12,20,24,39
00563,28/02/2020,02,19,23,27,29,38
00564,01/03/2020,01,06,07,13,26,39
00565,04/03/2020,01,07,17,24,35,41
00566,06/03/2020,06,09,10,16,26,42
00567,08/03/2020,03,13,17,19,21,43
00568,11/03/2020,12,16,29,35,37,44
00569,13/03/2020,08,13,20,28,35,45
00570,15/03/2020,04,07,11,17,19,31
00571,18/03/2020,06,21,30,37,38,45
00572,20/03/2020,08,23,29,37,39,44
00573,22/03/2020,02,10,19,22,24,29
00574,25/03/2020,26,31,33,37,38,45
00575,27/03/2020,01,06,10,35,36,45
00576,29/03/2020,07,10,23,36,39,44
00577,24/04/2020,10,31,37,39,40,43
00578,26/04/2020,05,25,30,36,37,41
00579,29/04/2020,01,08,11,13,15,32
00580,01/05/2020,06,07,16,37,40,44
00581,03/05/2020,05,18,29,32,38,44
00582,06/05/2020,03,18,25,29,30,44
00583,08/05/2020,01,03,07,12,22,25
00584,10/05/2020,07,09,23,32,33,37
00585,13/05/2020,06,20,21,35,40,45
00586,15/05/2020,03,12,13,28,33,36
00587,17/05/2020,02,04,21,30,33,37
00588,20/05/2020,01,08,15,23,25,39
00589,22/05/2020,03,08,19,28,35,41
00590,24/05/2020,01,29,30,32,34,35
00591,27/05/2020,06,15,29,30,37,42
00592,29/05/2020,04,10,23,26,35,37
00593,31/05/2020,01,06,13,27,35,40
00594,03/06/2020,01,15,17,19,40,43
00595,05/06/2020,10,13,22,28,38,43
00596,07/06/2020,06,07,11,16,23,44
00597,10/06/2020,02,11,23,25,26,35
00598,12/06/2020,05,16,22,27,30,31
00599,14/06/2020,19,22,24,41,44,45
00600,17/06/2020,07,16,28,33,34,45
00601,19/06/2020,04,12,17,19,32,45
00602,21/06/2020,07,09,13,33,40,44
00603,24/06/2020,07,17,18,32,39,40
00604,26/06/2020,09,23,27,30,38,41
00605,28/06/2020,04,15,24,36,37,41
00606,01/07/2020,10,13,14,26,32,33
00607,03/07/2020,04,05,17,18,22,36
00608,05/07/2020,05,08,10,17,22,31
00609,08/07/2020,14,15,17,21,31,38
00610,10/07/2020,18,20,22,33,35,39
00611,12/07/2020,02,15,21,27,31,35
00612,15/07/2020,10,11,18,19,20,45
00613,17/07/2020,04,10,18,20,32,45
00614,19/07/2020,01,13,14,19,42,45
00615,22/07/2020,09,13,18,24,26,42
00616,24/07/2020,04,25,31,35,39,41
00617,26/07/2020,05,15,21,39,43,45
00618,29/07/2020,06,14,26,41,42,43
00619,31/07/2020,04,09,19,29,36,41
00620,02/08/2020,06,09,12,17,41,42
00621,05/08/2020,14,18,19,32,33,38
00622,07/08/2020,17,26,35,40,43,44
00623,09/08/2020,11,13,14,43,44,45
00624,12/08/2020,07,21,34,38,43,44
00625,14/08/2020,09,18,21,24,34,41
00626,16/08/2020,02,05,06,20,33,39
00627,19/08/2020,07,20,36,37,43,45
00628,21/08/2020,07,08,26,30,37,43
00629,23/08/2020,10,14,19,25,36,39
00630,26/08/2020,02,18,24,28,35,42
00631,28/08/2020,10,11,14,23,27,37
00632,30/08/2020,06,08,18,19,29,33
00633,02/09/2020,08,10,14,16,18,24
00634,04/09/2020,07,16,20,30,40,41
00635,06/09/2020,01,06,19,29,31,44
00636,09/09/2020,19,21,34,35,36,39
00637,11/09/2020,04,11,13,16,17,33
00638,13/09/2020,20,23,28,37,40,44
00639,16/09/2020,05,20,29,30,38,40
00640,18/09/2020,10,19,21,23,27,33
00641,20/09/2020,05,07,09,13,15,16
00642,23/09/2020,02,08,17,23,30,41
00643,25/09/2020,14,20,22,35,44,45
00644,27/09/2020,01,12,26,31,37,38
00645,30/09/2020,02,05,31,32,42,44
00646,02/10/2020,09,11,21,31,32,37
00647,04/10/2020,09,16,19,25,26,39
00648,07/10/2020,13,15,25,26,28,34
00649,09/10/2020,15,19,23,30,33,39
00650,11/10/2020,12,18,28,31,40,45
00651,14/10/2020,04,07,23,32,43,44
00652,16/10/2020,04,14,16,23,24,27
00653,18/10/2020,01,14,25,26,30,40
00654,21/10/2020,04,11,26,36,38,41
00655,23/10/2020,05,10,16,23,34,45
00656,25/10/2020,11,19,30,38,41,45
00657,28/10/2020,01,04,07,15,35,45
00658,30/10/2020,04,05,14,18,23,43
00659,01/11/2020,06,21,27,30,32,44
00660,04/11/2020,03,08,11,13,26,38
00661,06/11/2020,19,24,30,32,36,37
00662,08/11/2020,03,12,14,16,23,33
00663,11/11/2020,04,10,12,17,20,35
00664,13/11/2020,08,22,23,33,34,36
00665,15/11/2020,14,16,21,29,40,41
00666,18/11/2020,18,19,21,31,39,44
00667,20/11/2020,02,17,24,29,31,37
00668,22/11/2020,09,16,17,24,32,40
00669,25/11/2020,01,05,07,08,25,40
00670,27/11/2020,01,09,12,13,37,43
00671,29/11/2020,06,07,14,18,37,43
00672,02/12/2020,04,05,07,10,25,39
00673,04/12/2020,03,05,33,37,41,43
00674,06/12/2020,11,21,24,27,29,37
00675,09/12/2020,16,24,27,31,36,43
00676,11/12/2020,23,24,25,35,37,39
00677,13/12/2020,10,12,20,36,41,44
00678,16/12/2020,10,11,22,27,36,41
00679,18/12/2020,04,09,14,23,32,38
00680,20/12/2020,15,18,28,30,34,44
00681,23/12/2020,07,11,17,31,35,40
00682,25/12/2020,06,12,15,22,33,39
00683,27/12/2020,03,11,17,19,34,39
00684,30/12/2020,01,13,20,26,35,37
00685,01/01/2021,10,16,24,26,30,32
00686,03/01/2021,04,31,34,36,40,43
00687,06/01/2021,22,27,30,35,40,45
00688,08/01/2021,08,19,22,25,32,35
00689,10/01/2021,10,11,22,32,38,43
00690,13/01/2021,19,20,21,28,33,41
00691,15/01/2021,04,06,10,13,26,43
00692,17/01/2021,04,05,32,39,40,42
00693,20/01/2021,07,20,29,30,40,45
00694,22/01/2021,01,06,07,20,28,43
00695,24/01/2021,08,09,23,25,31,32
00696,27/01/2021,01,07,11,28,41,44
00697,29/01/2021,06,07,08,29,35,39
00698,31/01/2021,04,06,07,11,34,41
00699,03/02/2021,07,09,14,23,35,41
00700,05/02/2021,02,08,31,32,42,44
00701,07/02/2021,01,04,07,15,41,42
00702,10/02/2021,08,13,18,19,21,24
00703,14/02/2021,03,13,18,21,39,44
00704,17/02/2021,03,18,21,22,36,44
00705,19/02/2021,12,19,22,23,34,44
00706,21/02/2021,06,07,22,24,27,37
00707,24/02/2021,02,13,19,33,40,43
00708,26/02/2021,11,13,19,27,37,41
00709,28/02/2021,04,05,25,28,29,42
00710,03/03/2021,01,20,28,37,40,44
00711,05/03/2021,09,11,13,21,27,41
00712,07/03/2021,04,12,25,28,33,45
00713,10/03/2021,05,14,15,19,25,33
00714,12/03/2021,05,11,17,34,38,42
00715,14/03/2021,01,09,11,32,34,42
00716,17/03/2021,06,11,26,28,36,41
00717,19/03/2021,05,06,24,34,36,37
00718,21/03/2021,08,09,11,31,36,39
00719,24/03/2021,07,14,23,26,37,39
00720,26/03/2021,02,11,15,18,23,42
00721,28/03/2021,23,26,40,41,43,44
00722,31/03/2021,02,04,06,36,41,42
00723,02/04/2021,01,05,09,16,42,44
00724,04/04/2021,05,20,27,30,38,43
00725,07/04/2021,13,15,19,25,33,34
00726,09/04/2021,03,04,08,17,19,37
00727,11/04/2021,03,23,27,32,34,39
00728,14/04/2021,11,12,16,18,33,35
00729,16/04/2021,08,09,11,28,30,39
00730,18/04/2021,07,09,15,23,26,27
00731,21/04/2021,03,12,19,27,32,35
00732,23/04/2021,13,16,18,22,34,39
00733,25/04/2021,08,19,21,28,32,44
00734,28/04/2021,21,39,40,41,43,45
00735,30/04/2021,03,04,20,21,36,41
00736,02/05/2021,07,08,30,35,40,44
00737,05/05/2021,03,14,20,22,37,44
00738,07/05/2021,10,20,21,27,33,34
00739,09/05/2021,01,07,16,24,27,37
00740,12/05/2021,09,15,22,27,34,42
00741,14/05/2021,03,11,16,20,24,30
00742,16/05/2021,13,23,33,37,40,43
00743,19/05/2021,03,12,23,29,33,34
00744,21/05/2021,04,28,37,38,40,42
00745,23/05/2021,11,14,22,26,29,44
00746,26/05/2021,01,10,22,36,38,45
00747,28/05/2021,02,15,33,41,44,45
00748,30/05/2021,07,10,19,30,40,45
00749,02/06/2021,10,20,22,26,31,42
00750,04/06/2021,19,24,31,32,35,36
00751,06/06/2021,05,07,10,13,14,42
00752,09/06/2021,02,07,18,20,24,36
00753,11/06/2021,08,12,13,14,32,40
00754,13/06/2021,03,10,12,13,36,44
00755,16/06/2021,11,19,24,28,31,39
00756,18/06/2021,10,11,28,29,40,42
00757,20/06/2021,10,24,27,42,43,45
00758,23/06/2021,04,07,20,28,33,41
00759,25/06/2021,03,05,06,23,24,39
00760,27/06/2021,05,10,29,37,42,44
00761,30/06/2021,02,05,06,08,10,32
00762,02/07/2021,01,14,15,18,32,45
00763,04/07/2021,03,14,15,21,26,37
00764,07/07/2021,01,06,13,30,34,43
00765,09/07/2021,04,09,17,18,28,32
00766,11/07/2021,02,08,15,17,19,30
00767,14/07/2021,04,11,22,29,37,43
00768,16/07/2021,01,09,18,26,41,45
00769,18/07/2021,03,08,19,21,25,36
00770,21/07/2021,08,10,12,29,34,37
00771,23/07/2021,19,26,31,33,41,42
00772,18/08/2021,10,16,19,27,28,36
00773,20/08/2021,04,08,17,27,32,36
00774,22/08/2021,06,07,18,25,40,43
00775,25/08/2021,01,03,05,17,22,33
00776,27/08/2021,04,10,11,15,24,37
00777,29/08/2021,01,18,21,25,27,35
00778,01/09/2021,06,13,33,34,40,45
00779,03/09/2021,06,11,18,23,32,44
00780,05/09/2021,15,18,25,27,29,34
00781,08/09/2021,04,18,28,32,36,40
00782,10/09/2021,10,16,22,36,43,44
00783,12/09/2021,04,08,21,29,33,45
00784,15/09/2021,11,14,17,24,29,35
00785,17/09/2021,06,10,15,37,39,44
00786,19/09/2021,06,24,28,31,36,43
00787,22/09/2021,05,10,19,22,36,45
00788,24/09/2021,01,04,07,14,16,41
00789,26/09/2021,13,27,34,35,36,41
00790,29/09/2021,06,15,16,27,36,42
00791,01/10/2021,11,15,17,27,28,45
00792,03/10/2021,06,12,28,30,39,42
00793,06/10/2021,09,11,15,20,32,36
00794,08/10/2021,04,13,18,23,33,43
00795,10/10/2021,03,25,26,29,40,42
00796,13/10/2021,20,34,37,39,41,42
00797,15/10/2021,05,13,17,20,29,45
00798,17/10/2021,04,12,21,22,27,40
00799,20/10/2021,05,09,33,40,41,45
00800,22/10/2021,03,05,06,09,28,43
00801,24/10/2021,06,29,31,32,39,44
00802,27/10/2021,13,17,26,29,33,39
00803,29/10/2021,17,19,22,31,32,34
00804,31/10/2021,09,14,17,18,36,41
00805,03/11/2021,03,13,15,23,24,44
00806,05/11/2021,10,16,36,40,41,42
00807,07/11/2021,05,20,24,25,35,36
00808,10/11/2021,17,18,19,20,27,44
00809,12/11/2021,11,14,18,24,35,37
00810,14/11/2021,03,05,18,28,42,43
00811,17/11/2021,04,15,25,26,32,35
00812,19/11/2021,09,10,26,28,39,43
00813,21/11/2021,01,12,29,40,44,45
00814,24/11/2021,02,10,18,23,34,36
00815,26/11/2021,04,18,25,29,32,34
00816,28/11/2021,13,17,26,27,31,37
00817,01/12/2021,08,09,30,31,38,45
00818,03/12/2021,10,14,29,37,38,40
00819,05/12/2021,03,05,06,31,34,35
00820,08/12/2021,02,03,16,19,22,34
00821,10/12/2021,01,04,17,19,24,42
00822,12/12/2021,16,21,29,40,41,43
00823,15/12/2021,03,18,29,30,39,41
00824,17/12/2021,08,15,16,21,25,33
00825,19/12/2021,12,15,24,30,36,45
00826,22/12/2021,08,16,17,23,28,38
00827,24/12/2021,03,17,25,26,36,38
00828,26/12/2021,04,11,16,24,35,44
00829,29/12/2021,05,27,33,34,38,40
00830,31/12/2021,02,05,12,33,41,45
00831,02/01/2022,11,17,30,36,41,45
00832,05/01/2022,01,03,08,09,35,40
00833,07/01/2022,10,13,24,28,38,44
00834,09/01/2022,06,07,11,22,35,41
00835,12/01/2022,03,06,13,15,36,44
00836,14/01/2022,05,14,27,30,38,45
00837,16/01/2022,01,03,04,05,32,33
00838,19/01/2022,14,21,25,34,37,39
00839,21/01/2022,01,13,17,24,27,42
00840,23/01/2022,13,20,24,32,34,40
00841,26/01/2022,05,11,15,18,27,43
00842,28/01/2022,04,06,12,26,27,39
00843,30/01/2022,01,07,22,26,28,41
00844,02/02/2022,05,06,14,20,31,38
00845,04/02/2022,11,16,18,38,40,43
00846,06/02/2022,05,09,21,24,34,39
00847,09/02/2022,03,20,27,37,44,45
00848,11/02/2022,10,11,19,38,41,44
00849,13/02/2022,14,21,22,24,28,45
00850,16/02/2022,02,05,08,16,22,42
00851,18/02/2022,03,14,20,26,28,36
00852,20/02/2022,04,06,16,30,43,44
00853,23/02/2022,02,16,18,19,24,29
00854,25/02/2022,10,13,30,33,39,41
00855,27/02/2022,10,20,25,27,38,45
00856,02/03/2022,07,10,13,20,21,34
00857,04/03/2022,03,19,21,24,27,38
00858,06/03/2022,11,16,21,33,34,42
00859,09/03/2022,03,15,35,39,40,43
00860,11/03/2022,06,20,23,29,34,45
00861,13/03/2022,01,05,19,20,23,38
00862,16/03/2022,10,11,14,24,31,45
00863,18/03/2022,06,10,15,29,41,42
00864,20/03/2022,01,09,10,12,22,44
00865,23/03/2022,02,09,37,38,40,43
00866,25/03/2022,01,12,13,27,29,35
00867,27/03/2022,08,17,21,39,44,45
00868,30/03/2022,01,12,26,28,39,45
00869,01/04/2022,02,19,25,32,41,44
00870,03/04/2022,05,11,20,26,40,43
00871,06/04/2022,13,17,19,25,32,45
00872,08/04/2022,02,13,16,19,20,36
00873,10/04/2022,04,17,28,30,38,42
00874,13/04/2022,01,07,20,25,40,41
00875,15/04/2022,09,18,21,25,35,44
00876,17/04/2022,05,13,15,28,38,40
00877,20/04/2022,01,08,17,21,27,37
00878,22/04/2022,11,13,15,18,24,36
00879,24/04/2022,09,12,23,30,32,40
00880,27/04/2022,03,09,14,17,27,32
00881,29/04/2022,05,12,16,25,26,32
00882,01/05/2022,08,21,26,35,37,42
00883,04/05/2022,01,04,23,28,33,38
00884,06/05/2022,01,03,15,16,34,43
00885,08/05/2022,04,12,20,25,35,37
00886,11/05/2022,02,06,07,18,34,41
00887,13/05/2022,07,08,18,29,41,44
00888,15/05/2022,05,20,21,31,34,37
00889,18/05/2022,03,17,23,37,40,42
00890,20/05/2022,12,17,34,39,44,45
00891,22/05/2022,01,07,10,24,33,40
00892,25/05/2022,19,26,27,39,44,45
00893,27/05/2022,16,21,23,27,35,41
00894,29/05/2022,02,06,19,24,30,42
00895,01/06/2022,06,10,21,23,28,39
00896,03/06/2022,05,08,34,38,39,41
00897,05/06/2022,06,08,21,28,30,35
00898,08/06/2022,02,10,13,15,22,36
00899,10/06/2022,10,23,25,26,30,41
00900,12/06/2022,06,14,19,22,40,42
00901,15/06/2022,01,06,12,20,36,39
00902,17/06/2022,05,08,26,29,35,44
00903,19/06/2022,01,24,25,31,39,40
00904,22/06/2022,03,20,23,30,33,35
00905,24/06/2022,07,16,18,32,34,44
00906,26/06/2022,03,07,08,18,27,36
00907,29/06/2022,01,19,20,27,30,32
00908,01/07/2022,17,26,30,31,33,39
00909,03/07/2022,08,14,17,20,21,40
00910,06/07/2022,04,12,14,15,41,42
00911,08/07/2022,06,07,12,18,21,43
00912,10/07/2022,12,23,29,36,37,41
00913,13/07/2022,04,09,21,28,35,37
00914,15/07/2022,04,30,35,39,42,43
00915,17/07/2022,07,13,20,23,27,29
00916,20/07/2022,05,06,20,22,26,39
00917,22/07/2022,04,10,18,22,31,37
00918,24/07/2022,04,11,17,29,30,44
00919,27/07/2022,09,15,18,22,32,41
00920,29/07/2022,05,07,11,20,31,37
00921,31/07/2022,03,08,15,16,40,42
00922,03/08/2022,05,14,30,36,38,42
00923,05/08/2022,10,13,14,32,37,42
00924,07/08/2022,06,09,10,13,24,27
00925,10/08/2022,04,08,10,15,26,31
00926,12/08/2022,05,07,16,20,36,41
00927,14/08/2022,09,13,21,24,34,35
00928,17/08/2022,23,29,35,37,39,45
00929,19/08/2022,25,26,33,39,41,43
00930,21/08/2022,05,19,21,23,28,36
00931,24/08/2022,12,20,21,23,27,34
00932,26/08/2022,03,30,31,32,36,45
00933,28/08/2022,08,16,31,37,39,41
00934,31/08/2022,04,10,28,29,31,34
00935,02/09/2022,02,03,14,21,31,33
00936,04/09/2022,05,17,19,27,35,39
00937,07/09/2022,08,09,10,20,35,38
00938,09/09/2022,04,06,13,14,28,39
00939,11/09/2022,04,15,20,31,43,44
00940,14/09/2022,03,12,15,20,24,45
00941,16/09/2022,02,26,35,41,42,43
00942,18/09/2022,03,05,10,17,25,29
00943,21/09/2022,05,10,14,25,42,45
00944,23/09/2022,01,12,21,28,30,44
00945,25/09/2022,03,05,08,31,33,34
00946,28/09/2022,04,05,07,24,27,30
00947,30/09/2022,04,11,19,20,35,41
00948,02/10/2022,03,17,28,30,31,32
00949,05/10/2022,09,18,23,24,29,34
00950,07/10/2022,18,20,29,34,36,38
00951,09/10/2022,13,15,20,25,35,43
00952,12/10/2022,01,07,13,16,27,35
00953,14/10/2022,01,06,22,25,30,34
00954,16/10/2022,02,05,19,26,38,40
00955,19/10/2022,01,03,07,10,21,29
00956,21/10/2022,10,16,17,18,34,42
00957,23/10/2022,02,11,18,33,36,45
00958,26/10/2022,02,03,10,15,31,36
00959,28/10/2022,16,21,22,33,42,45
00960,30/10/2022,15,27,31,36,38,41
00961,02/11/2022,02,17,23,27,37,42
00962,04/11/2022,09,13,16,24,33,45
00963,06/11/2022,08,10,12,14,17,31
00964,09/11/2022,07,09,16,20,30,32
00965,11/11/2022,02,03,09,15,17,43
00966,13/11/2022,03,04,27,32,40,43
00967,16/11/2022,02,03,12,32,35,44
00968,18/11/2022,15,16,22,25,29,33
00969,20/11/2022,01,04,14,22,24,40
00970,23/11/2022,04,13,15,20,37,38
00971,25/11/2022,14,20,24,30,35,41
00972,27/11/2022,01,26,27,35,36,43
00973,30/11/2022,07,15,20,25,32,37
00974,02/12/2022,02,18,21,24,38,44
00975,04/12/2022,04,05,07,09,27,39
00976,07/12/2022,08,11,19,24,26,42
00977,09/12/2022,04,23,25,30,40,41
00978,11/12/2022,09,11,16,17,22,33
00979,14/12/2022,13,29,35,37,38,41
00980,16/12/2022,06,19,22,26,38,39
00981,18/12/2022,02,12,13,33,36,42
00982,21/12/2022,08,12,20,26,35,37
00983,23/12/2022,02,14,21,22,35,43
00984,25/12/2022,15,17,21,28,37,43
00985,28/12/2022,04,05,10,21,33,37
00986,30/12/2022,03,24,31,35,39,42
00987,01/01/2023,16,20,26,30,32,40
00988,04/01/2023,03,05,07,37,39,42
00989,06/01/2023,02,07,16,25,35,38
00990,08/01/2023,11,29,32,39,40,43
00991,11/01/2023,01,18,22,33,34,43
00992,13/01/2023,03,11,14,20,26,42
00993,15/01/2023,08,09,15,21,26,45
00994,20/01/2023,03,07,13,29,32,44
00995,25/01/2023,12,14,18,22,28,31
00996,27/01/2023,10,13,21,29,41,43
00997,29/01/2023,05,21,26,27,32,33
00998,01/02/2023,16,21,27,29,34,44
00999,03/02/2023,04,11,16,30,33,43
01000,05/02/2023,13,15,23,29,31,34
01001,08/02/2023,06,18,20,22,26,34
01002,10/02/2023,01,11,23,27,33,39
01003,12/02/2023,03,05,11,23,24,42
01004,15/02/2023,01,02,08,20,24,31
01005,17/02/2023,01,05,10,13,23,25
01006,19/02/2023,02,20,22,28,29,38
01007,22/02/2023,08,16,22,23,28,38
01008,24/02/2023,01,10,16,22,35,44
01009,26/02/2023,04,09,16,26,28,42
01010,01/03/2023,13,14,29,33,38,43
01011,03/03/2023,10,22,26,27,33,43
01012,05/03/2023,09,11,24,31,36,44
01013,08/03/2023,10,13,22,25,28,36
01014,10/03/2023,03,05,13,22,36,44
01015,12/03/2023,10,28,29,31,33,37
01016,15/03/2023,11,19,23,28,34,35
01017,17/03/2023,05,07,12,22,26,33
01018,19/03/2023,02,07,10,21,28,35
01019,22/03/2023,05,08,10,15,17,41
01020,24/03/2023,06,14,15,18,24,41
01021,26/03/2023,06,16,18,25,34,45
01022,29/03/2023,03,06,12,28,29,43
01023,31/03/2023,01,09,10,15,30,42
01024,02/04/2023,02,24,36,38,42,43
01025,05/04/2023,04,08,12,15,19,43
01026,07/04/2023,09,14,22,29,39,41
01027,09/04/2023,12,15,25,30,34,39
01028,12/04/2023,04,07,27,28,32,43
01029,14/04/2023,08,16,23,27,32,41
01030,16/04/2023,08,17,20,25,33,36
01031,19/04/2023,10,27,37,40,42,43
01032,21/04/2023,02,04,07,10,20,44
01033,23/04/2023,01,02,22,30,37,42
01034,26/04/2023,01,04,07,09,34,37
01035,28/04/2023,05,11,25,33,42,44
01036,30/04/2023,07,09,23,24,33,36
01037,03/05/2023,18,23,28,29,39,44
01038,05/05/2023,22,28,31,35,36,38
01039,07/05/2023,04,30,31,33,35,45
01040,10/05/2023,07,08,09,13,15,27
01041,12/05/2023,02,06,08,09,15,27
01042,14/05/2023,07,08,13,37,42,44
01043,17/05/2023,02,06,13,20,28,44
01044,19/05/2023,03,09,10,27,35,38
01045,21/05/2023,08,10,17,19,24,41
01046,24/05/2023,09,11,15,28,33,44
01047,26/05/2023,08,10,19,25,35,44
01048,28/05/2023,06,13,19,20,37,44
01049,31/05/2023,04,09,10,22,41,44
01050,02/06/2023,03,11,14,19,21,43
01051,04/06/2023,03,15,19,35,36,43
01052,07/06/2023,01,07,14,16,34,44
01053,09/06/2023,15,16,23,25,40,41
01054,11/06/2023,05,18,22,40,41,44
01055,14/06/2023,02,28,31,37,41,44
01056,16/06/2023,24,26,32,37,38,41
01057,18/06/2023,03,04,08,18,21,33
01058,21/06/2023,07,13,19,35,37,38
01059,23/06/2023,10,14,15,20,24,45
01060,25/06/2023,04,06,07,25,26,30
01061,28/06/2023,04,08,24,31,42,45
01062,30/06/2023,02,05,20,23,31,38
01063,02/07/2023,03,05,08,17,37,41
01064,05/07/2023,01,12,24,27,36,44
01065,07/07/2023,05,09,12,20,37,42
01066,09/07/2023,14,16,27,28,33,41
01067,12/07/2023,19,24,27,31,33,43
01068,14/07/2023,04,05,13,19,27,37
01069,16/07/2023,01,07,16,18,21,29
01070,19/07/2023,06,10,19,37,43,45
01071,21/07/2023,09,20,31,33,36,45
01072,23/07/2023,14,17,23,32,33,43
01073,26/07/2023,04,13,18,21,29,37
01074,28/07/2023,07,27,28,30,31,35
01075,30/07/2023,03,17,23,33,42,45
01076,02/08/2023,04,21,27,38,39,44
01077,04/08/2023,02,12,22,38,41,44
01078,06/08/2023,04,15,19,25,30,38
01079,09/08/2023,18,22,30,31,39,41
01080,11/08/2023,16,21,26,29,30,45
01081,13/08/2023,09,15,23,33,35,40
01082,16/08/2023,05,07,25,31,39,41
01083,18/08/2023,12,19,21,22,34,38
01084,20/08/2023,07,08,22,23,30,42
01085,23/08/2023,05,14,18,19,29,31
01086,25/08/2023,08,18,30,32,38,45
01087,27/08/2023,24,27,30,37,44,45
01088,30/08/2023,13,17,20,28,30,33
01089,01/09/2023,09,14,16,19,28,41
01090,03/09/2023,01,33,38,39,44,45
01091,06/09/2023,03,04,12,18,19,29
01092,08/09/2023,06,08,14,29,39,42
01093,10/09/2023,04,05,10,18,27,40
01094,13/09/2023,02,04,07,09,12,13
01095,15/09/2023,02,03,05,07,10,38
01096,17/09/2023,06,10,15,36,39,43
01097,20/09/2023,03,06,20,39,40,41
01098,22/09/2023,02,16,17,18,20,23
01099,24/09/2023,04,08,23,27,30,36
01100,27/09/2023,03,12,22,30,37,39
01101,29/09/2023,02,08,24,27,30,43
01102,01/10/2023,02,11,13,16,41,43
01103,04/10/2023,07,17,21,32,40,45
01104,06/10/2023,18,19,24,28,33,40
01105,08/10/2023,04,16,22,28,33,39
01106,11/10/2023,05,10,30,40,44,45
01107,13/10/2023,01,11,16,39,40,45
01108,15/10/2023,04,05,09,27,34,39
01109,18/10/2023,02,07,18,20,24,29
01110,20/10/2023,04,16,21,24,26,37
01111,22/10/2023,10,13,14,19,35,40
01112,25/10/2023,04,06,13,25,31,41
01113,27/10/2023,07,10,14,21,26,37
01114,29/10/2023,05,07,15,21,32,45
01115,01/11/2023,01,03,15,16,23,28
01116,03/11/2023,02,07,09,13,22,38
01117,05/11/2023,01,13,16,18,23,25
01118,08/11/2023,07,20,23,27,31,33
01119,10/11/2023,01,04,10,13,14,44
01120,12/11/2023,02,04,10,15,27,31
01121,15/11/2023,02,03,12,16,30,37
01122,17/11/2023,16,20,25,26,36,41
01123,19/11/2023,01,03,19,20,26,34
01124,22/11/2023,15,18,20,23,37,39
01125,24/11/2023,05,18,22,34,41,45
01126,26/11/2023,04,06,15,23,25,36
01127,29/11/2023,09,22,24,32,38,39
01128,01/12/2023,05,10,14,21,27,32
01129,03/12/2023,12,14,16,21,29,32
01130,06/12/2023,18,19,20,29,41,42
01131,08/12/2023,11,15,16,17,42,43
01132,10/12/2023,09,10,11,17,41,44
01133,13/12/2023,03,07,11,20,28,44
01134,15/12/2023,01,05,10,11,20,40
01135,17/12/2023,03,07,18,20,31,33
01136,20/12/2023,05,15,16,21,22,32
01137,22/12/2023,02,12,14,16,34,38
01138,24/12/2023,01,02,05,24,40,43
01139,27/12/2023,08,16,23,34,36,39
01140,29/12/2023,16,20,22,35,37,39
01141,31/12/2023,13,14,23,25,34,44
01142,03/01/2024,09,14,19,20,29,40
01143,05/01/2024,09,16,29,31,33,42
01144,07/01/2024,03,04,15,18,36,45
01145,10/01/2024,10,12,18,19,29,43
01146,12/01/2024,10,11,20,27,39,43
01147,14/01/2024,02,08,19,20,24,42
01148,17/01/2024,14,19,21,36,43,44
01149,19/01/2024,08,15,20,24,43,44
01150,21/01/2024,11,20,22,23,26,31
01151,24/01/2024,07,27,30,36,39,45
01152,26/01/2024,08,19,22,27,31,35
01153,28/01/2024,03,23,25,29,36,41
01154,31/01/2024,09,11,15,35,38,41
01155,02/02/2024,01,15,29,31,32,34
01156,04/02/2024,09,15,21,29,33,39
01157,07/02/2024,17,21,24,25,39,42
01158,11/02/2024,07,18,31,33,35,41
01159,14/02/2024,08,09,11,12,40,44
01160,16/02/2024,06,10,16,20,40,42
01161,18/02/2024,05,19,20,21,24,40
01162,21/02/2024,02,08,14,19,24,42
01163,23/02/2024,04,17,19,27,28,36
01164,25/02/2024,05,07,10,12,15,26
01165,28/02/2024,01,10,21,25,32,39
01166,01/03/2024,20,22,24,26,28,37
01167,03/03/2024,03,10,17,20,22,27
01168,06/03/2024,11,15,34,39,41,43
01169,08/03/2024,02,26,28,40,41,45
01170,10/03/2024,04,12,19,23,36,41
01171,13/03/2024,01,13,25,30,34,40
01172,15/03/2024,09,11,16,29,31,33
01173,17/03/2024,01,03,05,26,30,42
01174,20/03/2024,08,14,26,28,43,45
01175,22/03/2024,05,06,11,20,24,45
01176,24/03/2024,01,14,22,28,32,42
01177,27/03/2024,06,29,31,35,42,44
01178,29/03/2024,04,07,25,34,35,38
01179,31/03/2024,05,12,13,17,40,41
01180,03/04/2024,07,11,14,22,29,34
01181,05/04/2024,14,18,22,29,36,37
01182,07/04/2024,03,11,15,17,24,35
01183,10/04/2024,02,10,30,33,34,40
01184,12/04/2024,06,17,18,26,43,45
01185,14/04/2024,07,12,16,29,42,45
01186,17/04/2024,09,16,26,27,32,41
01187,19/04/2024,02,03,20,21,32,33
01188,21/04/2024,07,21,36,38,40,45
01189,24/04/2024,07,21,30,33,38,39
01190,26/04/2024,02,03,25,34,35,38
01191,28/04/2024,01,13,14,22,23,37
01192,01/05/2024,07,09,17,20,25,29
01193,03/05/2024,01,13,14,21,27,43
01194,05/05/2024,10,12,14,16,21,39
01195,08/05/2024,02,10,13,22,30,34
01196,10/05/2024,12,13,31,38,42,43
01197,12/05/2024,03,05,06,09,32,45
01198,15/05/2024,03,11,13,21,24,34
01199,17/05/2024,08,22,27,29,39,43
01200,19/05/2024,05,19,25,35,37,39
01201,22/05/2024,02,03,10,22,41,43
01202,24/05/2024,02,14,15,17,23,40
01203,26/05/2024,04,09,11,14,19,27
01204,29/05/2024,04,21,25,27,35,39
01205,31/05/2024,04,08,15,23,31,40
01206,02/06/2024,02,07,13,23,25,45
01207,05/06/2024,11,25,28,33,34,45
01208,07/06/2024,15,19,24,25,27,39
01209,09/06/2024,04,05,28,32,37,42
01210,12/06/2024,01,02,08,13,26,34
01211,14/06/2024,10,24,25,26,30,41
01212,16/06/2024,03,16,17,18,25,37
01213,19/06/2024,08,12,17,23,26,27
01214,21/06/2024,03,07,11,16,19,35
01215,23/06/2024,09,11,19,29,31,44
01216,26/06/2024,08,10,29,30,33,40
01217,28/06/2024,04,06,16,32,41,44
01218,30/06/2024,05,23,25,28,30,43
01219,03/07/2024,11,18,24,34,38,43
01220,05/07/2024,04,23,33,38,40,44
01221,07/07/2024,04,08,22,23,26,45
01222,10/07/2024,23,24,36,37,40,45
01223,12/07/2024,11,17,25,26,28,29
01224,14/07/2024,09,18,33,37,38,43
01225,17/07/2024,09,10,11,16,21,30
01226,19/07/2024,01,10,20,25,34,35
01227,21/07/2024,09,10,23,25,28,38
01228,24/07/2024,07,08,20,27,32,34
01229,26/07/2024,18,20,28,31,39,45
01230,28/07/2024,01,13,21,25,31,39
01231,31/07/2024,02,04,12,16,18,42
01232,02/08/2024,09,14,19,34,37,41
01233,04/08/2024,01,04,16,18,20,32
01234,07/08/2024,11,19,22,29,40,44
01235,09/08/2024,06,14,15,24,26,39
01236,11/08/2024,17,18,19,33,35,37
01237,14/08/2024,01,06,09,21,43,44
01238,16/08/2024,16,22,23,30,34,41
01239,18/08/2024,04,13,28,33,35,38
01240,21/08/2024,07,08,09,15,22,30
01241,23/08/2024,07,13,26,28,35,41
01242,25/08/2024,06,10,15,17,40,42
01243,28/08/2024,04,05,17,25,39,41
01244,30/08/2024,02,15,19,26,34,36
01245,01/09/2024,30,31,33,38,42,43
01246,04/09/2024,02,07,15,18,24,33
01247,06/09/2024,05,25,28,32,36,41
01248,08/09/2024,03,08,10,26,34,37
01249,11/09/2024,06,11,19,23,34,37
01250,13/09/2024,06,12,27,34,41,42
01251,15/09/2024,03,11,28,32,33,35
01252,18/09/2024,04,08,27,28,35,36
01253,20/09/2024,13,14,19,20,30,33
01254,22/09/2024,20,23,28,36,40,42
01255,25/09/2024,10,23,25,27,31,37
01256,27/09/2024,01,06,18,25,39,44
01257,29/09/2024,03,07,16,17,41,42
01258,02/10/2024,05,06,11,23,31,36
01259,04/10/2024,08,10,21,32,39,44
01260,06/10/2024,07,14,33,36,42,43
01261,09/10/2024,14,18,20,22,34,45
01262,11/10/2024,11,19,26,28,29,43
01263,13/10/2024,07,10,13,17,21,45
01264,16/10/2024,04,14,19,23,24,37
01265,18/10/2024,13,19,20,22,24,37
01266,20/10/2024,06,23,24,25,26,34
01267,23/10/2024,22,27,28,31,37,44
01268,25/10/2024,03,10,31,32,34,40
01269,27/10/2024,18,21,28,29,33,45
01270,30/10/2024,04,13,20,29,32,37
01271,01/11/2024,20,22,23,32,35,40
01272,03/11/2024,01,04,05,16,20,22
01273,06/11/2024,01,02,03,11,25,37
01274,08/11/2024,11,15,18,27,34,37
01275,10/11/2024,03,07,11,12,13,40
01276,13/11/2024,03,23,28,35,39,42
01277,15/11/2024,08,13,31,36,37,40
01278,17/11/2024,11,17,29,31,38,42
01279,20/11/2024,04,16,24,29,31,37
01280,22/11/2024,01,14,15,19,38,40
01281,24/11/2024,05,14,15,21,33,36
01282,27/11/2024,06,21,24,31,42,44
01283,29/11/2024,12,15,33,35,37,45
01284,01/12/2024,15,17,25,29,33,35
01285,04/12/2024,07,14,19,24,34,36
01286,06/12/2024,08,14,18,26,34,42
01287,08/12/2024,01,13,24,26,27,37
01288,11/12/2024,02,10,17,23,29,33
01289,13/12/2024,03,07,29,36,37,44
01290,15/12/2024,01,10,20,22,23,36
01291,18/12/2024,03,07,12,16,26,34
01292,20/12/2024,06,09,12,21,28,33
01293,22/12/2024,15,16,24,27,31,44
01294,25/12/2024,08,13,20,25,28,39
01295,27/12/2024,01,10,13,24,25,33
01296,29/12/2024,05,08,19,31,34,43
01297,01/01/2025,14,20,25,28,36,40
01298,03/01/2025,06,12,21,27,34,41
01299,05/01/2025,02,07,15,37,41,42
01300,08/01/2025,02,03,17,33,37,38
01301,10/01/2025,02,04,08,28,42,44
01302,12/01/2025,02,09,12,14,41,44
01303,15/01/2025,02,06,08,10,23,33
01304,17/01/2025,02,12,22,31,34,35
01305,19/01/2025,05,06,10,19,32,38
01306,22/01/2025,03,21,26,29,32,33
01307,24/01/2025,01,07,11,22,31,34
01308,26/01/2025,05,08,09,11,20,29
01309,31/01/2025,02,15,16,32,42,45
01310,02/02/2025,15,20,22,29,32,36
01311,05/02/2025,04,06,09,14,25,41
01312,07/02/2025,04,05,25,27,35,39
01313,09/02/2025,08,16,22,27,31,34
01314,12/02/2025,07,19,31,39,42,43
01315,14/02/2025,06,08,10,27,28,32
01316,16/02/2025,11,19,26,28,35,40
01317,19/02/2025,01,06,10,11,25,29
01318,21/02/2025,04,09,19,20,30,42
01319,23/02/2025,10,12,15,17,24,33
01320,26/02/2025,02,13,15,16,18,20
01321,28/02/2025,10,11,14,16,21,29
01322,02/03/2025,08,24,30,33,42,45
01323,05/03/2025,10,22,32,37,41,43
01324,07/03/2025,08,11,12,20,25,32
01325,09/03/2025,10,11,30,33,44,45
01326,12/03/2025,19,26,30,32,36,42
01327,14/03/2025,07,11,13,16,28,30
01328,16/03/2025,02,12,14,16,38,45
01329,19/03/2025,12,23,27,28,29,43
01330,21/03/2025,31,32,34,41,42,45
01331,23/03/2025,05,06,08,09,36,45
01332,26/03/2025,17,24,25,30,35,39
01333,28/03/2025,05,07,22,28,29,34
01334,30/03/2025,14,15,33,38,42,45
01335,02/04/2025,08,14,15,22,31,34
01336,04/04/2025,02,13,24,25,28,38
01337,06/04/2025,03,05,06,13,18,22
01338,09/04/2025,05,08,11,22,41,44
01339,11/04/2025,01,13,14,26,37,43
01340,13/04/2025,13,14,18,25,30,32
01341,16/04/2025,05,08,12,16,28,32
01342,18/04/2025,05,20,21,22,29,44
01343,20/04/2025,05,07,14,26,29,44
01344,23/04/2025,07,12,23,34,42,43
01345,25/04/2025,04,08,09,10,20,34
01346,27/04/2025,08,11,31,35,36,45
01347,30/04/2025,01,17,26,33,36,44
01348,02/05/2025,03,07,32,37,42,45
01349,04/05/2025,06,07,08,09,12,29
01350,07/05/2025,08,27,28,31,34,40
01351,09/05/2025,01,07,09,34,40,42
01352,11/05/2025,13,15,17,22,28,43
01353,14/05/2025,19,24,27,37,44,45
01354,16/05/2025,05,09,14,22,32,44
01355,18/05/2025,06,07,17,27,30,42
01356,21/05/2025,02,13,14,21,24,30
01357,23/05/2025,02,04,15,16,29,43
01358,25/05/2025,05,14,23,24,28,44
01359,28/05/2025,17,22,23,28,31,41
01360,30/05/2025,04,07,12,35,37,41
01361,01/06/2025,09,24,29,37,42,44
01362,04/06/2025,11,23,26,27,29,32
01363,06/06/2025,24,26,35,39,41,45
01364,08/06/2025,06,17,18,19,31,37
01365,11/06/2025,10,13,22,27,41,45
01366,13/06/2025,01,13,19,28,30,36
01367,15/06/2025,15,16,22,23,29,32
01368,18/06/2025,19,23,24,26,36,41
01369,20/06/2025,02,08,18,22,26,29
01370,22/06/2025,01,09,14,20,34,41
01371,25/06/2025,08,10,26,29,35,39
01372,27/06/2025,09,14,26,30,44,45
01373,29/06/2025,10,23,25,26,27,28
01374,02/07/2025,12,16,21,28,34,41
01375,04/07/2025,07,09,21,29,41,45
01376,06/07/2025,05,08,13,23,36,45
01377,09/07/2025,07,08,30,32,33,44
01378,11/07/2025,11,20,22,24,43,45
01379,13/07/2025,09,17,22,27,35,36
01380,16/07/2025,06,11,14,19,21,42
01381,18/07/2025,07,22,24,28,42,45
01382,20/07/2025,11,13,14,20,37,42
01383,23/07/2025,24,26,29,32,37,44
01384,25/07/2025,20,30,34,35,38,39
01385,27/07/2025,01,09,12,27,39,45
01386,30/07/2025,02,03,06,16,26,34
01387,01/08/2025,05,29,30,31,36,38
01388,03/08/2025,05,14,24,26,37,43
01389,06/08/2025,03,12,14,18,29,34
01390,08/08/2025,11,17,20,26,27,38
01391,10/08/2025,13,21,26,28,31,35
01392,13/08/2025,10,15,28,30,35,45
01393,15/08/2025,05,22,27,36,43,45
01394,17/08/2025,15,24,26,29,31,42
01395,20/08/2025,04,09,27,32,38,42
01396,22/08/2025,01,09,10,13,37,39
01397,24/08/2025,02,09,20,28,32,43
01398,27/08/2025,03,11,18,39,40,42
01399,29/08/2025,02,04,10,24,35,36
01400,31/08/2025,03,04,14,30,32,38
01401,03/09/2025,14,21,23,28,44,45
01402,05/09/2025,01,10,20,22,41,43
01403,07/09/2025,06,29,30,39,42,44
01404,10/09/2025,07,10,18,20,24,36
01405,12/09/2025,17,22,24,37,42,43
01406,14/09/2025,03,06,09,10,30,37
01407,17/09/2025,11,23,25,35,38,45
01408,19/09/2025,04,06,17,18,28,41
01409,21/09/2025,02,03,06,21,28,38
01410,24/09/2025,03,05,17,31,32,40
01411,26/09/2025,12,17,19,27,28,36
01412,28/09/2025,08,13,18,26,36,39
01413,01/10/2025,03,06,07,19,30,35
01414,03/10/2025,29,31,32,33,34,35
01415,05/10/2025,05,14,22,28,32,39
01416,08/10/2025,08,10,11,18,23,32
01417,10/10/2025,04,05,25,34,39,43
01418,12/10/2025,04,10,16,20,28,34
01419,15/10/2025,01,06,18,20,29,40
01420,17/10/2025,15,17,18,26,31,42
01421,19/10/2025,16,17,25,26,28,37
01422,22/10/2025,05,11,12,24,28,44
01423,24/10/2025,02,11,24,31,32,38
01424,26/10/2025,18,30,34,42,43,45
01425,29/10/2025,07,26,35,39,41,42
01426,31/10/2025,03,10,31,34,36,43
01427,02/11/2025,03,07,12,20,30,44
01428,05/11/2025,02,09,18,25,30,31
01429,07/11/2025,03,04,20,28,39,42
01430,09/11/2025,13,23,27,30,37,43
01431,12/11/2025,16,24,29,37,40,44
01432,14/11/2025,03,10,15,27,41,42
01433,16/11/2025,15,20,31,33,34,45
01434,19/11/2025,09,12,19,30,40,43
01435,21/11/2025,08,11,18,25,28,35
01436,23/11/2025,04,12,19,42,43,44
01437,26/11/2025,02,08,15,19,30,38
01438,28/11/2025,02,09,17,23,39,41
01439,30/11/2025,07,13,26,30,34,42
01440,03/12/2025,08,15,20,23,31,34
01441,05/12/2025,02,19,23,37,42,43
01442,07/12/2025,01,05,23,28,29,43
01443,10/12/2025,07,18,22,29,30,36
01444,12/12/2025,03,07,13,17,38,44
01445,14/12/2025,08,11,13,16,28,32
01446,17/12/2025,05,14,24,38,41,43
01447,19/12/2025,01,21,36,42,43,44
01448,21/12/2025,06,09,12,18,29,43
01449,24/12/2025,15,19,31,35,43,45
01450,26/12/2025,04,06,16,25,27,40
01451,28/12/2025,01,02,07,16,31,37
01452,31/12/2025,01,25,35,36,37,45
01453,02/01/2026,07,18,22,32,37,38
01454,04/01/2026,02,12,21,29,35,44
01455,07/01/2026,01,05,07,28,31,43
01456,09/01/2026,08,09,17,21,36,45
01457,11/01/2026,08,10,21,25,31,38
01458,14/01/2026,01,22,23,28,39,45
01459,16/01/2026,02,10,21,31,34,40
01460,18/01/2026,02,05,15,26,39,42
01461,21/01/2026,01,18,23,24,29,37
01462,23/01/2026,09,15,16,20,22,31
01463,25/01/2026,02,19,20,24,33,34
01464,28/01/2026,04,10,16,19,27,40
01465,30/01/2026,16,17,30,41,42,45
01466,01/02/2026,01,18,21,23,30,36
01467,04/02/2026,02,12,14,17,39,43
01468,06/02/2026,02,07,13,17,42,45
01469,08/02/2026,06,13,16,20,23,38
01470,11/02/2026,15,20,35,40,44,45
01471,13/02/2026,08,12,31,36,42,43
01472,15/02/2026,04,06,07,20,28,43
01473,18/02/2026,01,07,19,23,26,44
01474,20/02/2026,04,25,28,33,34,45
01475,22/02/2026,07,23,24,36,38,40
01476,25/02/2026,04,13,20,22,23,29
01477,27/02/2026,02,04,08,15,17,28
01478,01/03/2026,16,22,23,35,44,45
01479,04/03/2026,01,04,06,09,13,44
01480,06/03/2026,02,10,12,21,32,37
01481,08/03/2026,06,12,13,25,31,32
01482,11/03/2026,16,18,19,28,31,44
01483,13/03/2026,11,12,20,22,31,33
01484,15/03/2026,04,07,11,26,42,44
01485,18/03/2026,14,20,33,35,36,44
01486,20/03/2026,08,11,22,23,38,43
01487,22/03/2026,05,10,22,26,31,36
01488,25/03/2026,16,22,24,29,35,36
01489,27/03/2026,05,07,13,19,38,45
01490,29/03/2026,05,08,18,30,37,45
01491,01/04/2026,06,30,34,36,37,44
01492,03/04/2026,02,04,23,24,35,41
01493,05/04/2026,02,09,23,30,32,42
01494,08/04/2026,05,08,23,26,38,41
01495,10/04/2026,07,08,10,16,28,35
01496,12/04/2026,01,10,11,32,39,42
01497,15/04/2026,21,22,33,35,36,43
01498,17/04/2026,01,10,19,31,36,38
01499,19/04/2026,07,10,15,27,33,35
01500,22/04/2026,02,06,15,16,17,37
01501,24/04/2026,20,29,33,36,41,42
01502,26/04/2026,12,18,22,25,31,41
01503,29/04/2026,04,14,15,16,17,25
01504,01/05/2026,04,21,25,31,41,43
01505,03/05/2026,07,09,14,24,38,39
01506,06/05/2026,09,12,28,36,37,40
01507,08/05/2026,04,16,17,26,34,42
01508,10/05/2026,03,04,10,11,27,42
01509,13/05/2026,08,10,15,32,35,43
01510,15/05/2026,06,14,20,22,23,44
01511,17/05/2026,04,08,13,15,27,31
01512,20/05/2026,16,28,29,37,40,45
01513,22/05/2026,02,03,14,28,41,44
01514,24/05/2026,04,08,09,14,25,42
01515,27/05/2026,02,13,17,18,31,37
01516,29/05/2026,13,14,24,28,30,42
01517,31/05/2026,01,12,16,21,24,41
01518,03/06/2026,03,11,26,33,36,38
01519,05/06/2026,13,16,19,32,36,39
01520,07/06/2026,14,21,26,30,34,35
01521,10/06/2026,03,09,17,22,27,32
01522,12/06/2026,05,15,30,34,37,38
01523,14/06/2026,07,16,20,22,24,38
01524,17/06/2026,05,06,16,28,35,39
01525,19/06/2026,06,09,19,29,30,36
01526,21/06/2026,03,08,19,27,41,45
01527,24/06/2026,03,11,17,19,30,32
01528,26/06/2026,09,14,31,36,41,45
01529,28/06/2026,02,11,18,33,42,45
01530,01/07/2026,20,24,25,29,40,44
01531,03/07/2026,06,20,21,28,30,39
01532,05/07/2026,01,05,13,29,32,35
01533,08/07/2026,13,14,22,26,37,44
01534,10/07/2026,09,17,23,26,42,44
01535,12/07/2026,06,09,11,17,35,44
01536,15/07/2026,07,11,29,37,43,45
01537,17/07/2026,09,18,30,31,39,45
01538,19/07/2026,12,22,24,26,31,37
01539,22/07/2026,03,32,33,34,39,43
01540,24/07/2026,12,16,36,38,41,45
01541,26/07/2026,13,16,27,33,41,44
01542,29/07/2026,02,06,21,31,36,45
01543,31/07/2026,06,16,24,25,38,43
01544,02/08/2026,03,12,20,25,27,37
01545,05/08/2026,02,06,11,16,28,39
01546,07/08/2026,02,08,19,30,36,43
01547,09/08/2026,03,17,20,27,31,35
01548,12/08/2026,15,17,22,29,33,40
01549,14/08/2026,07,09,13,31,35,44
01550,16/08/2026,06,07,15,19,36,41
01551,19/08/2026,06,15,18,33,40,43
01552,21/08/2026,07,26,31,38,43,45
01553,23/08/2026,04,16,17,22,32,39
01554,26/08/2026,03,10,11,16,33,40
01555,28/08/2026,03,13,15,22,36,39
01556,30/08/2026,01,03,12,15,37,45
01557,02/09/2026,06,09,27,29,35,44
01558,04/09/2026,16,21,23,29,34,45
01559,06/09/2026,09,14,22,26,27,40
01560,09/09/2026,12,17,20,21,36,43
01561,11/09/2026,14,18,20,21,26,27
01562,13/09/2026,04,12,31,34,38,41
01563,16/09/2026,01,03,10,11,18,23
01564,18/09/2026,07,12,26,27,41,43
01565,20/09/2026,10,15,16,27,33,38
01566,23/09/2026,02,06,12,15,25,26
01567,25/09/2026,03,15,18,28,33,36
01568,27/09/2026,02,04,13,25,31,39
01569,30/09/2026,02,09,24,27,30,33
01570,02/10/2026,01,06,20,27,31,41
01571,04/10/2026,15,20,29,37,40,45
